,result,moves
0,-1,"['6R', '7L', '9R', '7L', '7R', '8L', '6L', '9L', '7R', '10L', '10R', '7R', '8L']"
1,-1,"['8R', '8R', '7R', '6R', '9L', '6L', '8L']"
2,-1,"['6L', '6L', '7L', '8R', '10L', '8R', '10L', '7L', '9R', '10R', '10R']"
3,-1,"['9R', '8R', '7R', '10R', '9R', '10L', '8R', '7L', '7R', '6R', '7L', '7R', '9R', '8R', '9R', '10R', '10L', '7R', '9R', '6R', '10L', '9L']"
4,1,"['8R', '8L', '9L', '8L', '7R', '7L', '10L', '7L', '6R', '9L', '10L']"
5,1,"['10R', '9R', '6R', '6L', '8R', '10L', '9L', '8R']"
6,1,"['6R', '7R', '7L', '10L', '6L', '8R', '10L', '9L', '7L', '6R']"
7,1,"['8L', '6L', '7R', '7R', '10L', '8L', '7R', '6L', '9L', '10R', '6L', '8L']"
8,1,"['6R', '7L', '7L', '8L', '8R', '7R', '8L', '7R', '9L', '8L', '7R']"
9,-1,"['6R', '8R', '8L', '7L', '10R', '7R', '8L']"
10,1,"['7L', '10L', '6L', '6L', '10R', '8R', '9R', '9L', '8L']"
11,-1,"['6R', '10R', '10R', '10L', '7R', '10R', '6L', '8R', '10R']"
12,-1,"['7R', '7R', '8R', '7L', '10L', '8L', '6R', '8L', '10L', '9R', '10R', '10L', '10L', '7R', '6R', '10L']"
13,-1,"['9L', '9L', '10L', '6L', '9R', '8R', '9R', '8L', '10R', '7L', '10L', '9R', '10L', '9L', '8R', '6L', '7R']"
14,-1,"['10R', '6L', '9L', '8L', '6L', '8R', '9R', '9R', '10R', '10R', '6R']"
15,-1,"['10L', '7L', '10L', '8R', '8R', '6R', '7L', '10L']"
16,-1,"['7R', '8L', '7L', '6R', '9L', '6L', '7R', '10R', '9L', '10R', '8R']"
17,1,"['9R', '6L', '8R', '7R', '6R', '10L', '6L', '6R']"
18,-1,"['8R', '6R', '10L', '8R', '9R', '10R', '6R', '7R', '10L', '6R', '9L', '6L', '8R', '10R', '6L', '8R', '9L', '6L', '8L']"
19,1,"['9L', '7L', '6L', '9L', '6L', '7L', '10L', '9R', '6R', '9L', '7L', '8L', '6R', '8R', '9L', '6R', '7R', '6R', '8L', '7R', '9R', '6L', '6L', '9L', '6R', '7R', '10L']"
20,1,"['10R', '10L', '6R', '8L', '7R', '10L', '7L', '10R', '7R', '8L', '7R']"
21,1,"['9R', '8R', '9R', '7R', '6L', '10R', '9R', '7R', '10L', '8R', '10R', '6R', '7R']"
22,1,"['6R', '7R', '10L', '8R', '9R', '10L', '7R', '10R', '9L', '9R', '10L', '6R', '7L', '7L', '6R', '8L', '7L', '6L', '7R', '10L', '8L', '7L', '8R']"
23,1,"['10R', '9L', '6R', '8L', '7L', '6R', '7L', '9R', '10R', '10L', '7R', '8L', '10R', '6R', '8L', '7L', '7L', '6L', '10L', '9L', '8L', '7L', '6R', '7R', '8R']"
24,1,"['9R', '7L', '8L', '9R', '6R', '7R', '8R', '9L', '8L']"
25,1,"['7L', '10R', '7L', '9L', '8R', '10L', '7L', '8R', '9L', '10L', '9R', '7R', '8L', '7L', '6L', '6R', '9L', '7L', '6L', '8L', '7R', '8L', '7R', '8R', '10L']"
26,-1,"['10R', '9R', '7R', '10R', '9R', '6R', '7R', '9L', '6L', '8L', '6L', '9L', '8L', '7L', '6R', '8L', '7L', '6R', '7L', '6R', '7L', '8L', '7L', '6L', '9R', '10R', '6L', '8R', '10L', '7L', '9R', '6R', '7L']"
27,-1,"['6L', '7R', '6L', '7R', '6R', '6L', '8R', '8L', '7L', '9R', '10L']"
28,-1,"['7L', '6R', '8L', '10L', '6L', '10L', '8R']"
29,-1,"['8R', '7R', '9R', '10L', '7L', '7L', '7L', '7L', '8L', '10L', '6R']"
30,-1,"['10R', '7R', '8L', '6L', '9L', '8L', '8L', '9L', '6L', '10L', '6L', '7L', '9L', '7R', '8L', '6R', '7R']"
31,1,"['8R', '7L', '6R', '8L', '6R', '7R', '8L', '8R', '6L']"
32,1,"['10L', '6R', '7L', '6R', '7L', '6R', '9R', '9L', '8R']"
33,1,"['8L', '6R', '7R', '10R', '7R', '10L', '7R', '6L', '8R', '10L', '8L', '7L', '9R', '9L', '6L', '8R']"
34,1,"['10L', '9L', '8L', '9R', '6L', '6L', '9R', '9R', '10R', '10L']"
35,-1,"['7L', '9R', '7R', '10L', '7R']"
36,1,"['6R', '10R', '9R', '8L', '7R', '8R', '10L', '9L', '7R', '7L', '6R', '9L', '10R', '8R', '10R']"
37,1,"['6R', '10L', '6L', '8L', '9R', '10R']"
38,-1,"['10R', '6R', '6L', '10L', '9L', '8R', '9L', '10L', '6R', '10L']"
39,1,"['9L', '9L', '6R', '10L', '9R', '10R', '6R', '7R']"
40,-1,"['7L', '6R', '6R', '6R', '9L', '6R', '7L', '10R', '8L', '6L', '7L', '6L', '6L', '8R']"
41,-1,"['10R', '6L', '10L', '7L', '10L', '6L', '7R']"
42,1,"['9R', '8R', '10L', '8R', '6R', '10R', '8R', '9R', '9L', '10L', '7R', '10R', '7R', '6R', '10R', '7R']"
43,-1,"['8R', '10L', '7L', '8R', '9R', '6R', '7L', '9R', '8R', '10R', '10L', '9R']"
44,1,"['7L', '10L', '6R', '8L', '10R', '8L', '8R', '9L', '8R', '9R', '9L', '8R', '9L', '8L']"
45,-1,"['8R', '9R', '7L', '6L', '7R', '10R', '7R', '9L', '8R', '9L', '8L', '9R', '8L', '6R', '9R']"
46,1,"['10R', '9L', '7L', '6L', '7R', '6R', '9R', '8R', '10R', '8L', '7R', '8R', '7R', '10R']"
47,-1,"['7L', '8R', '6L', '6R', '8L', '6L']"
48,-1,"['6L', '6R', '8R', '10L', '9L', '9R', '6R', '6L', '10L', '9L']"
49,1,"['10R', '8L', '9L', '6L', '9R', '6L', '10L', '9R', '10R', '6L', '9L', '8L', '7L', '6R', '7L', '6L', '7L', '9L', '6L', '9R', '7R', '8L']"
50,-1,"['7R', '9R', '6L', '7R', '8L', '9R', '7R', '9R', '9L', '6R', '7L', '9L', '7L', '6L', '8L', '6R', '7R']"
51,-1,"['6R', '10L', '7L', '8L', '7L', '8R', '6R', '7R', '8L', '7R', '8R']"
52,1,"['8R', '7R', '10L', '8R', '9L']"
53,1,"['6R', '8R', '6L', '7R', '9R', '10R', '6R', '8R', '9R', '6R', '7R', '8L', '6R', '7R', '7L', '9R', '10R']"
54,-1,"['9L', '9R', '9R', '10R', '9L', '6R', '10L', '7L', '6L', '6L', '6R', '10R', '7L', '9R', '7R', '9R', '7L', '6R']"
55,-1,"['9L', '10R', '6R', '7L', '6R', '10L']"
56,-1,"['9R', '10L', '6R', '6L', '8R', '8L', '10L', '6L']"
57,-1,"['6L', '7L', '7L', '9L', '9L', '9R', '6R', '10L', '8R', '9R', '10R', '6L', '10R', '8R']"
58,-1,"['9L', '10L', '6L', '6L', '7R', '8R', '10R', '6R', '7L', '6L', '9L', '8R', '9L']"
59,-1,"['10R', '7R', '6R', '9L', '7R', '7L', '6L', '8R', '8L', '7R', '8R', '10R', '8R', '7L', '9R', '7L', '7L', '6L', '9R', '6L', '9L', '8L', '7R', '10R', '8L', '7R', '10L', '9L']"
60,1,"['7L', '7L', '7R', '6L', '10L', '10R', '6R', '8L', '7L', '10R', '7L', '6R', '8L', '7L', '10L', '9R']"
61,-1,"['7R', '6L', '10R', '6R', '6L', '7R', '10R', '7L', '10R', '7L', '10R']"
62,-1,"['7R', '9L', '9R', '8L', '10R', '9R', '8R', '7L', '6R', '6L', '8L', '7L', '6L', '6R']"
63,-1,"['7R', '8R', '6R', '6R', '8R', '6R', '8R', '7R', '10R', '8L']"
64,1,"['9L', '6L', '7R', '8L', '6R', '9L', '6R', '10R', '9L', '7R', '6R', '7L', '9R', '8L', '7R', '8R', '9R', '10L', '8L', '7R']"
65,-1,"['9L', '10L', '6L', '10R', '9L', '8L', '6R', '7L', '9L', '8L', '7R', '9L', '8R']"
66,1,"['10L', '8R', '10R', '6R', '7L', '9L', '8L', '6R', '8L', '6L', '8L']"
67,1,"['9R', '7R', '9R', '10R', '9R', '8R', '9L', '10L', '7L']"
68,1,"['9R', '7R', '10R', '7L', '8L', '7L', '6R', '10L', '7R', '8R', '7R', '6R', '6L', '8L', '6R', '7L', '8L', '8L', '10L', '6L']"
69,-1,"['6R', '10R', '10L', '10L', '6L']"
70,-1,"['10R', '6R', '10R', '6R', '7R', '6L', '9R', '7R', '8R', '10R', '9R', '10L', '9R', '10L', '9R', '9L', '8R', '7L', '10R', '10L', '7R', '9L']"
71,-1,"['9R', '8R', '8R', '6L', '10R', '6R', '9L', '7R', '8L', '10R', '10R', '8L', '8L', '10L', '9R', '10R', '9L', '6L', '8R', '9L', '8L', '7L', '6R']"
72,-1,"['8L', '6L', '8L']"
73,1,"['6L', '8R', '10R', '10R', '8R', '6L', '9L', '10L']"
74,-1,"['6R', '7L', '9L', '6R', '9R', '7L', '8R', '10R', '9R']"
75,1,"['7L', '6R', '9L', '6L', '6L', '7L']"
76,1,"['10L', '9L', '6L', '8R', '9L', '7R', '9R', '8R', '7R', '9L', '9L', '6L', '10L', '9L', '8L', '7L']"
77,-1,"['10L', '10R', '7R', '6R', '7L', '8L']"
78,-1,"['6R', '7R', '8R', '9L', '6R', '6L', '7R', '7L', '10R', '9L', '8L', '7R', '8R']"
79,-1,"['10R', '6L', '7L', '7L', '6R', '7L', '7L', '6R', '10L']"
80,1,"['7L', '8L', '9L', '9L', '7L', '7L', '10L', '8R', '9R', '10R']"
81,-1,"['6L', '9L', '10L', '8L', '8R', '10L', '6R', '8L', '7L', '10L', '6R', '10L', '9R', '10R', '6L', '8L', '8L', '8L']"
82,1,"['6R', '10R', '6R', '8R', '6L', '8L', '10L', '10L', '9R', '7R', '9R', '10L', '7R']"
83,-1,"['6L', '8L', '10R', '9R', '10R', '7R', '7R', '6L', '10L', '6L']"
84,1,"['10R', '9L', '8R', '9L', '8R', '6L', '7R', '9L', '7R', '6R', '8L', '7R', '8R', '9R', '10L', '9L', '8L']"
85,1,"['7R', '10R', '9L', '9L', '9R', '6R', '9L', '6L', '8L', '7L', '6L', '7R', '8R', '9L', '10R', '8R']"
86,-1,"['9L', '8R', '9L', '7L', '8R', '9L', '7L', '7L', '10L', '9L', '8L', '7R', '8L', '7L', '6L', '10L', '9R', '10L', '9L', '8R']"
87,1,"['9L', '9L', '7L', '9R', '7R', '10R', '9L', '8L', '8R', '9L', '7L', '6R']"
88,1,"['8L', '7R', '6R', '10L', '10L', '6R', '7R', '6R', '7R', '10L']"
89,-1,"['9R', '6L', '6R', '10L', '7L', '6R', '6R', '8L', '10L', '7L', '8L', '10L']"
90,-1,"['10R', '7R', '9R', '6L', '10L', '6L', '7L', '6L', '10L', '9R', '10L', '10R', '7R']"
91,-1,"['7R', '7R', '8R', '10R', '7L', '8L', '7R', '10R', '8R', '9R', '10R', '6L', '9R', '7L', '6R', '10R', '8L']"
92,-1,"['7R', '8R', '7R', '9L', '6L', '8L', '9L', '10R', '7R', '9L', '8R', '9R']"
93,-1,"['6R', '8R', '9L', '6R', '9R', '10L', '9L', '10R', '9R', '8L', '7R', '6L', '8R', '6L', '9L']"
94,-1,"['10L', '10R', '8L', '7R', '6R', '9L', '9R', '7L', '9L', '8L', '7R', '6L']"
95,1,"['9L', '8L', '7L', '10R', '6R', '7R', '8R', '6R', '7L', '8L', '7L', '9L', '6L', '7L', '9L', '8R', '10L', '9L', '7L', '8L']"
96,-1,"['8R', '7R']"
97,1,"['8R', '7L', '6R', '6R', '9R']"
98,-1,"['9R', '10R', '10L', '6L', '9L', '8R', '8L', '10R']"
99,-1,"['8L', '9L', '6R', '10L', '10R', '6R', '8R', '9L', '8R', '9R', '10R', '7L', '9L']"
100,1,"['9L', '6R', '7L', '9R', '10L', '10R', '7L', '6L', '10R', '7R', '10R', '6L', '10L']"
101,-1,"['8R', '9R', '6R', '6L', '9L', '8R', '6L', '7L', '8R', '10R', '7L']"
102,1,"['6R', '6R', '7R', '6R', '9R', '6R', '9L', '10R', '8L', '9R', '10L']"
103,1,"['10L', '6R', '10L', '6L', '9L', '6R', '7R', '6L', '7R', '10R', '10L', '9R', '10R', '6R']"
104,-1,"['7L', '10R', '6R', '7L', '8R', '9L', '8R', '9R', '7R', '8L', '7R', '9L', '8R', '9R', '10R', '9R', '10R', '7R', '6R', '7L', '10R']"
105,-1,"['6L', '9L', '6R', '9L', '7L', '6L', '8R', '10R', '8L', '7R']"
106,-1,"['10R', '8L', '9L', '6L', '8L', '7L', '7L', '6R', '7R', '10R', '10R', '7R', '7R']"
107,1,"['7L', '10L', '8R', '8R', '7L', '9L', '6R', '10R', '6L', '7R', '8R', '9L', '8L']"
108,-1,"['9R', '10R', '9L', '7L', '10R', '7R', '8L', '10L', '9L', '8L', '6R']"
109,1,"['9R', '10L', '7L', '9R', '10L', '8L', '8L']"
110,-1,"['7L', '6L', '9L', '9L', '8R']"
111,1,"['8R', '6L', '8L', '9R', '7R', '8R', '7L', '7R', '8L', '7R', '8R']"
112,1,"['7R', '10R', '9L', '8R', '7L', '6R', '8L', '6R', '7L', '10L', '9L', '8R']"
113,1,"['7L', '6R', '8L', '10L', '7R', '10R', '9R', '8R', '10L', '8R', '9L', '7R', '7L', '9L', '10L']"
114,-1,"['9L', '7L', '8R', '6L', '9R', '8R', '9L', '10L', '9L', '8L']"
115,1,"['9R', '9R', '9R', '6L', '8R', '10R']"
116,1,"['10L', '9R', '6L', '9R', '10L', '9R', '6R', '7R', '10R', '9R', '10L']"
117,-1,"['6R', '8L', '6R', '7L', '9L', '10L', '6R', '10R', '10R', '7R', '6L', '7L', '6L', '8L', '9L', '10R', '7L', '6L', '9R']"
118,-1,"['10R', '9L', '10R', '7R', '6R', '8L', '7R', '7R', '10L']"
119,1,"['10R', '6R', '7R', '7R', '8L', '7R', '7R', '8R', '9L', '8R']"
120,-1,"['10R', '7L', '6R', '10R', '10L', '10L', '7R', '10R', '6L', '8L', '7L', '6L', '8L', '9L', '8L', '7R', '8R']"
121,1,"['8L', '10L', '7L', '10R', '10L', '6R', '8L', '7R', '6R', '7R', '8L', '6R', '9R', '6R']"
122,1,"['9L', '8L', '9L', '9R', '10R', '10L', '6R', '8L', '6L', '9R', '10R', '8R', '7L', '9L', '6L', '8L', '6L', '8L', '7R', '8L', '10L', '7L', '6R', '10R', '8R']"
123,-1,"['6L', '8R', '7R', '10R', '6L', '10L', '9L', '8L', '7L', '7L', '9L', '8L', '7L', '6R', '7L', '6R', '7L', '6L']"
124,-1,"['9R', '6L', '8R', '10R', '9R', '6R', '9R', '7L']"
125,1,"['6R', '6R', '8L', '7R', '9L', '6L', '10L', '9L', '6L', '8L', '7L', '6R', '8L', '9L', '7L', '6R']"
126,1,"['8R', '9R', '9L', '10L', '10R', '7L']"
127,1,"['10R', '9L', '7R', '10L', '7R', '9L', '10R', '6L', '8R', '10L', '10L']"
128,-1,"['8L', '8R', '6R', '7R', '8R', '9R', '10L', '9R', '10L']"
129,-1,"['8L', '7R', '8L']"
130,-1,"['10R', '8L', '7R', '8R', '6L', '9L', '8L', '7R', '6L', '9R', '8R', '9L', '8R', '9R', '9R']"
131,-1,"['9R', '9R', '8R', '6R', '8R', '9R', '6L', '8L', '6R', '7L', '10L', '6L', '10L']"
132,1,"['6L', '7L', '7R', '10L', '9L', '8L', '7R', '8L', '8L', '7R', '9R', '8L', '10L', '9R', '6L', '9R', '10L', '9R', '10R', '6R', '8L', '7R', '8R', '9R', '9L', '10R', '8R', '6R', '7L', '9R', '6R']"
133,1,"['10L', '7L', '6R', '9R', '6R', '10R', '10R', '7L', '7R', '10R', '7R', '8L']"
134,1,"['8L', '6L', '8R', '9L', '6R', '10L', '6R']"
135,1,"['9L', '6R', '10L', '8L', '7R', '8R', '9R', '9L', '8R', '9L', '8R', '9R', '10R', '10R', '9L', '10L', '9L', '10R', '7L', '6L', '9R', '8L', '10R', '9L', '10L', '6L', '7R', '6R', '9R', '10R', '7L', '6R', '7L', '6R', '9R', '7L', '6R', '7R', '8R', '10L', '9L']"
136,-1,"['10R', '6R', '9R', '10L', '9L', '6R', '9R', '8R', '7R', '9R', '8R', '7R', '8L', '7R', '6R', '8R']"
137,1,"['6L', '6L', '9R', '10L', '8L', '9R', '6R', '8R', '9L']"
138,1,"['8R', '10L', '7R', '9R', '10L', '7L', '8R', '7L', '10R', '6L', '10R', '7L']"
139,1,"['6R', '7L', '6R', '7L', '6L', '7L', '9R', '6R', '7R', '8R']"
140,-1,"['7R', '8L', '6R', '6L', '7R', '10R', '9L', '7R', '9R', '7L', '6R', '7L', '6R', '6R']"
141,1,"['10L', '10L']"
142,-1,"['7R', '7L', '10R', '8R', '9R', '9L', '8R', '10R', '6L', '10R', '7L', '6L', '8R', '9R']"
143,1,"['10L', '8R', '10L', '10L']"
144,-1,"['8R', '7L', '6R', '6R', '10L', '7R', '8R', '10L', '7L', '9L']"
145,-1,"['9R', '7R', '10R', '10L', '9R', '6R', '10R', '7L', '8R', '6R', '7R', '7L', '6L', '9R', '10R', '9L', '10R', '9R', '8R', '6L']"
146,1,"['8L', '9R', '10L', '7L', '7R', '8L', '7L', '6R', '8L', '10R', '8L', '7R', '8L', '9L', '6R', '8L', '7R', '8R', '7R', '8R', '9R']"
147,1,"['6L', '7R', '9L', '6R', '8L', '10L', '9L', '8R', '10L', '6L', '8R', '7L', '9L', '8L', '7L', '10L', '6R', '8L', '7R', '8L']"
148,1,"['10R', '6R', '7L', '7R', '7L', '8L', '7R', '10R', '10R', '8L', '7R', '9L', '8L', '6R', '7L', '6R', '7R', '8L', '7L']"
149,1,"['8L', '9L', '6L', '9R', '10L', '10L', '10R']"
150,1,"['10R', '6L', '8L', '6L', '9L', '7R', '9R', '8R', '9L', '8L', '8R']"
151,-1,"['8L', '10R', '8R', '6L', '10R', '6R', '10L']"
152,1,"['7R', '10R', '6L', '6L', '7L', '10R', '7L', '6R']"
153,-1,"['9R', '10R', '7R', '10L', '8R', '7L', '8R', '9L', '8L', '6R']"
154,-1,"['6L', '10R', '8L', '10R', '8L', '6L', '10R', '10R', '7L', '6L', '8L']"
155,-1,"['9L', '6R', '10R', '9L', '10L', '8L', '9L', '8R', '9L', '8R']"
156,1,"['10L', '9L', '6R', '9R', '10L', '7L', '6R', '7L', '10R', '8R', '7R', '6R', '7L', '6R', '7L', '6R', '7L', '6R', '7R', '8L', '7R', '8R']"
157,-1,"['8L', '7L', '9R', '8L', '8L', '8L', '10R', '10R', '7R', '6L']"
158,1,"['10L', '9R', '6L', '10L', '8R', '9L', '7L', '9R', '10R', '6R', '7L', '10R', '8R']"
159,-1,"['10R', '10R', '9R', '8L', '6R', '10L', '7R', '10R', '7L', '10L']"
160,1,"['9L', '8R', '7R', '6R', '6L', '7L', '8L']"
161,1,"['6L', '9L', '8L', '8L', '10R', '6R']"
162,1,"['10R', '9R', '8R', '7R', '10R', '7R', '6L', '9R', '8L', '7R', '8R', '7R', '8L']"
163,1,"['7L', '9R', '8R', '6L', '9R', '6L']"
164,-1,"['9L', '10L', '7R', '7R', '10L', '6R', '7R', '9R', '7R', '6L']"
165,-1,"['10R', '6R', '8R', '6L', '10R', '9R', '8R', '9L', '7L', '6L', '8L']"
166,-1,"['7L', '8R', '6L', '9R', '10L', '6L', '6L', '7R', '7L', '9R', '7R', '8L', '7R', '10R', '9L']"
167,-1,"['8R', '7L', '6R', '8R', '10R', '8R', '6R', '7R', '8L', '10L', '9L', '7L']"
168,1,"['6R', '8L', '8L', '9R', '7L', '6L', '6R', '7R', '9L', '7R', '8L', '7R', '8L', '7R', '8L', '7L', '6R']"
169,1,"['9R', '8L', '8R', '10R', '8R', '10L', '8R', '7R', '8L']"
170,1,"['9L', '7R', '10R', '8R', '9L', '8L', '6L', '6R', '7L', '10R', '6L', '6L', '7R', '8L', '7R', '10R', '9R', '6L', '6R', '7R', '10R', '8R', '9L', '8R', '9L', '8L', '7R', '8R']"
171,-1,"['7R', '7L', '6R', '9L', '8L', '7R', '8R', '9R', '8R']"
172,-1,"['6R', '10L', '7L', '8R', '9R', '8L']"
173,1,"['10L', '10L', '7R', '10R', '10L', '6L', '6L', '7L']"
174,1,"['6R', '6R', '9L', '10R', '10R', '8R', '9R', '10L', '8R']"
175,-1,"['7L', '7L', '6R', '6R', '7L', '8R', '9R', '10R', '8R', '6L', '7R']"
176,-1,"['6R', '8L', '6R', '6L', '9R', '7L', '10R', '6L', '7L', '10L', '7R', '6R', '7L', '6L', '9R', '10L', '9R', '10R', '8R', '9R', '10L', '9R', '10L', '9R', '10R', '6R', '9L', '8R', '9L', '8R', '8L', '10L', '8R']"
177,-1,"['7L', '7R', '6L', '6L', '7R', '8R', '9R', '9R', '7R']"
178,-1,"['10L', '9R', '6R', '10R', '9R']"
179,-1,"['10L', '6L', '10L', '6R', '7R', '6L', '8L', '10L']"
180,1,"['9L', '10L', '8L']"
181,-1,"['8R', '10R', '10L', '9L', '8R', '10R', '7L', '9L']"
182,0,"['7R', '7R', '10R', '7R', '9L', '9L', '9R', '8R', '10R', '8L', '7R', '8L', '7L', '10R', '6R']"
183,-1,"['10R', '10R', '10L', '7L', '6L', '6R']"
184,1,"['8L', '7L', '10R', '7L', '8L', '7R', '8L']"
185,-1,"['10L', '6R', '10L', '9R', '7R', '10R', '6L', '8L', '7R']"
186,1,"['7L', '8L', '7R', '8L', '10L', '7R', '8R', '10L', '8L', '10L']"
187,-1,"['10L', '6L', '6L', '7L', '6R', '6R', '9R', '8L', '7L', '10L', '8L', '6L', '7L', '6R', '7L', '6R', '7L', '6L', '8L', '9R', '7L', '6R', '7R', '8R', '9R', '10R', '6L', '9R', '7L', '9L', '8L', '7L', '6L', '8L', '10L', '9L', '8L']"
188,1,"['8L', '6R', '9R', '7R', '10L', '8R', '6R', '8L']"
189,-1,"['6R', '6L', '9L', '8L', '8R', '9L', '7R', '8R', '9L', '7L', '8L', '6R']"
190,1,"['7L', '6R', '7L', '6L', '8R', '6L', '6R', '10L', '9R', '10R']"
191,-1,"['6R', '9R', '10L', '8L', '7R', '10R', '8L', '6R', '9L', '6L', '7R', '10R', '8R', '10R', '9R', '10R', '7L', '6R']"
192,1,"['10L', '9L', '6R', '7R', '8R', '8L', '7R', '8L', '8L', '9R']"
193,-1,"['8R', '9L', '7R', '6R', '7R', '8R', '7R', '6R', '7L', '6R', '7L', '9R', '6L', '8L', '10L', '9R', '10L', '9L', '9R', '6L', '9R', '10R', '8L', '10L', '10R', '6R']"
194,1,"['6L', '8L', '10L', '8L', '6R', '10L', '6R', '10L', '9L', '8R', '6L', '10R', '8R', '7R', '9R', '10L']"
195,-1,"['9L', '9L', '7L', '6L', '9L']"
196,1,"['6R', '8L', '6L', '9R', '6L', '8R']"
197,-1,"['10L', '8R', '6R', '7L', '7R', '10R', '6L', '8L', '7L', '6L', '9R', '7L', '6L', '9L']"
198,-1,"['7R', '7L', '6L', '9L', '8R', '8R', '10L', '9R', '9L', '8R', '9L', '8L', '7L', '10L', '9R', '10R', '6R', '6R', '7R', '8R', '9L', '10L', '9R', '6L', '10L', '8R', '6L']"
199,-1,"['9R', '10R', '9L', '8L', '7L', '6R', '6L', '6R', '10L', '8R', '9L', '6L', '8L', '7L', '10R', '6R', '7L', '6R', '7L', '6L', '8L', '7L']"
200,1,"['6R', '7L', '9L', '9R', '7R', '6L', '8L', '7R', '10R', '10R', '9L', '8R']"
201,-1,"['10R', '6R', '10R', '6L', '8R', '10R', '9L', '10L', '8L', '10R', '6R']"
202,-1,"['6L', '9L', '9L', '9L', '6R', '7L', '10R', '6R', '10R', '9L', '10R', '6L', '8L', '6L', '7L', '8R', '8L', '9L', '8L', '7L', '10R']"
203,-1,"['8R', '6L', '7R', '8R', '10L', '8L', '10L', '7R', '9R', '6L', '7L', '10L', '10R', '7L']"
204,1,"['8L', '7L', '8L', '10L', '8R', '9R', '10L', '8R', '6L', '10L', '8L', '7L', '7L', '8R']"
205,-1,"['8R', '7L', '6R', '7R', '8R', '8R', '8L', '7R', '7L', '6R', '10L']"
206,-1,"['8R', '8R', '9R', '6R', '8L', '8R', '6L', '8L']"
207,-1,"['6R', '7L', '10R', '6R', '9R', '10L', '8R', '6L', '9L']"
208,1,"['9L', '6L', '10R', '7R', '6L', '9L', '6L', '8R', '6R']"
209,-1,"['8L', '9L', '6R', '8R', '6R', '8L', '6L', '10R', '8L', '10L', '9R', '10L', '9R', '10L', '10L', '7R', '10R']"
210,-1,"['6L', '8R', '8L', '7L', '7L', '6L', '6R', '9R', '10R', '6L', '8R', '6R']"
211,-1,"['7L', '10L', '8R', '10L', '10R', '7R', '10L', '10L', '9L', '6L', '7L', '9R', '8R', '9L', '6R', '7R', '8R', '9R']"
212,-1,"['8L', '7R', '7R', '10R', '7L', '10R', '8L', '7R', '7R', '6L', '6L', '8L', '10R', '9R', '10L', '9L']"
213,1,"['8R', '8R', '8R', '6L', '9L', '7L', '9L', '9R', '10R', '8L', '6R', '7R']"
214,1,"['10R', '6L', '10R', '7R', '7L', '6L', '7L', '10L', '9L', '8R', '10R', '8R', '6L', '9L', '6R']"
215,1,"['9R', '7L', '10L', '8R', '6R', '9L', '6L', '9L', '8L', '7L', '6L', '9L', '7L', '8R', '10R', '9R', '7R', '8L', '7L', '7L', '7R', '8L', '7L', '6R']"
216,-1,"['9L', '6L', '10R', '8L', '7L', '6R', '7R', '6L', '9R', '6L', '7R', '8R', '9L', '7R', '8R', '9L', '8R', '9L', '8R', '9L', '8R', '9R', '9R', '9L', '8R']"
217,1,"['6R', '10L', '9L', '8R', '10R', '7L', '9L']"
218,1,"['8R', '9L', '9L', '8R', '9L', '7L', '6R', '7L', '8R', '9L']"
219,-1,"['9L', '8R', '9R', '10L', '8L', '7L', '10L', '7R', '6R', '10L', '9R', '10R', '7R', '7R', '10L', '7L', '8R', '6L', '9L', '8L', '7R']"
220,-1,"['8R', '7R', '9L', '6R', '7R']"
221,-1,"['7L', '6R', '7R', '7L', '7L', '8L', '7L', '10L', '8L', '7L', '6L', '8L']"
222,-1,"['8R', '9R', '8R', '6R', '7L', '6L', '8R', '9L', '10R', '8L', '10L', '9R', '10R', '7L', '10R', '6L', '8L', '7L', '8L']"
223,-1,"['10R', '7L', '6L', '10R', '10R', '7L', '10L', '9R', '10R', '10R', '8L', '6R']"
224,-1,"['8L', '6L', '8R', '6L', '10R', '8R']"
225,-1,"['10L', '6R', '7L', '8R', '6L', '8R', '8R', '7L', '6L']"
226,1,"['7L', '9L', '8R', '10R', '6R', '8R', '6R', '10L', '8R', '6R', '8L', '7L', '9L', '8R', '9L', '8L']"
227,-1,"['6L', '8L', '6L', '7R', '6R', '6L', '7L', '6R', '8R', '9R', '9R', '10R', '10L']"
228,-1,"['10L', '9R', '9R', '6R', '7R', '8R', '9L', '10L', '6L', '8L', '6L', '9L', '8R']"
229,1,"['8R', '9L', '10R', '7L', '8R', '6L', '10L', '9L', '8L', '9R']"
230,1,"['7R', '9L', '6L', '6L', '6L', '7L', '8R', '10L', '8L', '8R', '6R', '7L', '6R', '9R', '6R', '9L', '6L', '8R', '9R', '10L', '9L', '8R', '9L', '8R', '6L', '8L']"
231,1,"['7R', '9R', '6L', '10R']"
232,-1,"['9L', '7R', '10L', '7L', '8L', '10R', '7R', '8L', '6R', '7L', '7L', '10R', '7L', '6R', '7L', '6L', '8L']"
233,-1,"['9R', '8L', '8L', '9R', '10R', '10L', '9R', '10R', '8R', '7R', '9L', '7L', '9L', '8R']"
234,-1,"['9L', '9R', '6L', '6L']"
235,-1,"['9L', '8R', '8R', '7R', '6L', '8R', '9L', '10L', '6R', '8R', '10R', '9R', '9R', '10L', '6R']"
236,-1,"['7R', '9L', '8R', '9L', '10R', '6L', '10L', '8L', '7R', '8L', '7L']"
237,1,"['10L', '7L', '10R', '9L', '10R', '9R', '9L', '10R', '7L', '6R', '7R', '8L', '7R', '8L', '7R', '8R']"
238,-1,"['7R', '7L', '7L', '10L', '8R', '7R', '10R', '8L', '9L', '7R', '8L', '7L', '6L', '7R', '9R', '10L', '6R', '9L', '7L', '8R', '7R', '6L', '10L']"
239,1,"['7R', '10R', '9L', '6R', '7L', '6R', '7R', '8L', '9R', '7R', '8L']"
240,-1,"['6L', '6L', '9L', '10L', '9L', '7L', '10R', '8R', '7R', '9R', '10R']"
241,-1,"['9R', '7L', '10R', '6L', '9L', '8L', '6L', '8R', '7L', '8R', '7L', '9L', '8R', '9R']"
242,-1,"['6L', '8R', '6R', '8L', '9R', '6R', '8L', '9R', '6R', '9R', '10L', '9R']"
243,-1,"['10R', '10L', '9R', '10R', '9R', '10L', '7R', '10R', '7L', '10R', '6R', '7L', '6R', '7L', '6R', '7L', '6L', '10R', '8L', '9L', '10R', '10R', '7L', '9R', '10R']"
244,-1,"['10L', '6L', '7R', '10R', '7L', '6R']"
245,-1,"['10L', '7L', '9R', '8R']"
246,-1,"['10L', '7L', '6R', '10R', '6L', '9L', '8L', '7L', '10R', '6R', '7L', '8R', '9L', '8R']"
247,-1,"['6L', '9R', '8L', '10L', '9R', '7R', '8R', '9L', '6L', '9R', '6L', '10L', '8L', '6R', '7L', '6L', '8R', '7L', '6L', '10R', '9L', '8L', '7L', '6L', '9R', '7L', '6R', '8L', '7R']"
248,-1,"['9R', '9R', '6L', '10L', '6L', '9R', '8R', '8R', '7R']"
249,-1,"['10R', '7L', '6R', '6L', '6L', '7L', '6L', '10L', '10L', '6R', '7R', '8L', '6R', '7L', '6R', '7L', '6R', '7L', '6R', '7R', '8L']"
250,-1,"['9R', '6L', '6R', '7L', '6L', '10R', '6L', '9L', '9L']"
251,1,"['8L', '10L', '9L', '8L', '10R', '6L', '10R', '9L', '9L', '8L', '10L', '9L', '8L']"
252,-1,"['7R', '8L', '7R', '10L', '8R', '6R', '7R', '8L', '7R', '6R', '9L', '8L', '10L', '9L', '7R', '7R', '10L', '7R', '9R', '7L', '6R', '10L', '9R', '10L', '9L', '8R', '9R', '10R', '8R', '6R']"
253,-1,"['7L', '10L', '10R', '7R', '8R', '9L', '9L', '8L', '7R']"
254,-1,"['7R', '8R', '8R', '6R', '8R', '10L', '9L', '8L', '7R', '8L', '7R', '8L', '7L', '7R', '8R', '9L', '8R', '9R']"
255,1,"['8R', '8L', '10L', '8R']"
256,-1,"['6L', '7R', '10L', '6R', '9L', '8R', '7L', '6L', '10L', '7R', '8R', '10R', '6L', '9L', '7L', '6R', '8L', '7R', '9L', '8R']"
257,-1,"['10R', '8R', '7R', '10R', '7R', '10L', '8R', '6R', '10R', '9L', '7L', '8L', '6L', '6L']"
258,-1,"['7L', '10R', '8R', '6R', '10R', '10L', '10R', '6R', '10R', '10R', '10R', '9L']"
259,-1,"['9L', '6R', '7R', '10L', '9R', '10L', '9L', '8R', '9R', '10R']"
260,-1,"['10L', '9L', '9R', '9R', '9L', '7L', '6L', '7R', '8R', '9L', '8L', '7R', '8R']"
261,-1,"['9L', '10R', '6R', '6R', '7L', '7R', '8L', '10L', '8L', '9R', '9R', '10R', '8R', '6L', '9L', '10L', '6L', '9R', '7R']"
262,-1,"['6L', '10R', '7L', '10L', '8L', '6L', '6L', '7R', '10R', '9R', '6R', '9L', '8R']"
263,-1,"['7L', '6R', '8L', '8R', '6L', '9R', '7L', '9L']"
264,-1,"['10R', '6R', '10R', '8R', '8L', '7R']"
265,-1,"['7R', '9R', '6R', '8R', '8R', '9L', '9R', '8L', '6L', '7R', '8R', '9R', '10L', '7R', '8R', '9R', '7L', '7R', '8L', '10R', '6R', '7R']"
266,-1,"['9L', '10L', '9R', '10L', '6R', '7L', '8R', '6R', '10R', '7R', '8L', '7R', '8L', '7R', '8L']"
267,-1,"['6R', '6R', '10R', '8L']"
268,1,"['6R', '7R', '6R', '6L', '8L', '6L', '10R', '6L', '7R', '10R', '8L', '6R', '10L', '7L', '9L', '8L', '7R']"
269,1,"['9L', '7L', '7L', '6L', '9R', '10L', '7L', '9L', '9L', '6R', '7L', '7R', '8L']"
270,-1,"['8R', '7R', '8L', '7R', '8L', '6R', '8R', '10L', '6L', '7L', '10L', '8L', '8L', '9R', '9L', '8R']"
271,-1,"['8L', '6L', '9R', '8L', '10L', '7R', '9R', '10R', '6L', '9L', '8R', '10L', '6L', '9L', '8R']"
272,1,"['8R', '6R', '7L', '10R', '9L', '6L', '6R', '8R', '9R', '10L', '8L']"
273,-1,"['7R', '8L', '7L', '10R', '7L', '9R', '7L', '10R', '9L', '8L']"
274,1,"['8R', '7R', '7R', '10R', '7L', '9L', '8R']"
275,-1,"['9L', '9R', '8L', '10R', '10R', '6R', '8R', '6R', '7L', '10R', '6R', '6L', '9R']"
276,-1,"['6R', '6R', '6R', '7R', '9L', '6L', '7R', '10L', '9R', '10R', '8L', '6R', '8L', '7L', '7R', '8R', '10R', '9L', '8L', '7R', '8R']"
277,-1,"['10R', '8L', '9R', '7L', '6R', '9L', '9L', '10R', '8R', '9L', '8L', '6R', '9L', '7R', '8R', '10R', '9R', '10R', '10R']"
278,1,"['10L', '9R', '10R', '10R', '9R', '10R', '6R', '9L', '8R', '9L', '8L']"
279,-1,"['7L', '7R', '10L', '9R', '6L', '7R', '7L', '7R', '7L', '9R', '9L', '8L', '7R', '8L', '7R', '8L', '8R', '7L', '6R', '7R', '6L', '6R']"
280,1,"['6L', '7L', '6L', '10R', '7R', '8R', '6L', '7L', '6R', '8L', '7R', '9L', '10L', '9L', '8R', '7L', '6L', '9R', '10L', '8R', '6R', '7R', '9L', '8L', '10R', '7R', '8L']"
281,-1,"['8L', '7L', '9L', '7L', '8R', '9L', '8L', '9L', '7R', '8L', '7L', '6L', '9R']"
282,1,"['6L', '6L', '8L', '6R', '8R', '9L', '10L', '6L', '8R', '10R', '8R', '6L', '8R', '6R', '7L', '6L']"
283,-1,"['8L', '10R', '8L', '7L', '10R', '10R', '9L']"
284,-1,"['9R', '6R', '10R', '7L', '7R', '8R', '9L', '8L', '9R', '6R', '8L', '10L', '9R', '9R']"
285,-1,"['8L', '7R', '9L', '9L', '8R', '7R', '8L', '7R', '8R']"
286,-1,"['7L', '9R', '10L', '7L', '6R', '9L', '8L', '8R', '9L', '8L', '7R', '6R', '7L', '6L', '9L']"
287,-1,"['8R', '8R', '6L', '7R', '9R', '6L', '10R']"
288,1,"['10R', '8L', '10R', '9R', '6L', '7L', '8R', '8R', '7R', '7R', '8R', '6L', '10R', '8L', '9L', '9R', '9R', '10R', '8L']"
289,-1,"['6R', '7L', '7L', '6L', '10R', '10L', '8R']"
290,-1,"['6R', '10R', '10L', '6L', '6L', '10L', '9R', '10L', '9L']"
291,-1,"['6L', '6R', '9L', '7L', '10R', '6R', '7R', '10L', '8L', '9R', '10R', '7R']"
292,-1,"['7L', '9R', '9L', '7R', '7R', '6R', '9R', '10R', '10L']"
293,-1,"['8R', '9L', '8R', '6R', '10L', '9R', '6R', '7L', '8L']"
294,-1,"['9L', '9R', '9R', '7R', '10L', '7R', '9L', '8R', '7L', '7R', '10R', '10R', '8L']"
295,1,"['7L', '9R', '8L', '9L', '8L', '7R', '6R', '6L', '7R', '9R', '10L', '9R', '6R', '9R', '10L', '9R']"
296,0,"['9L', '10L', '8R', '10L', '8R', '7R', '7L', '10R', '8R', '9L', '8L']"
297,1,"['9L', '10L', '6L', '9R', '7L', '8R', '8L', '7L', '8R', '6L', '7R', '8L']"
298,-1,"['9L', '7R', '7R', '10L', '8R', '10R', '6L']"
299,-1,"['10L', '9R', '10R', '6L', '10R', '9R', '6L', '9R', '10R', '8L', '8L', '7L', '6R', '8R', '7L', '6R', '7L', '6R', '7R', '8L']"
300,-1,"['7L', '9R', '10R', '7R', '8L', '6L', '9R', '8L']"
301,-1,"['10L', '7R', '10L', '7R', '10R', '9R', '8L', '9R', '10L', '9R', '10L', '9R', '10R', '9L', '10R', '8L', '7L', '6L', '6R']"
302,-1,"['7L', '6R', '9R', '10L', '10R', '9L', '8R', '8R', '10R', '10L', '7R', '9R', '8L', '7L', '6L', '6L', '7R', '10R', '8R', '10R', '6R', '7L']"
303,1,"['10L', '7L', '10R', '9L', '6R', '10L', '9L', '7L', '7L', '8R', '9L', '9R']"
304,1,"['10R', '9R', '7L', '8R', '10R', '10L', '8L', '9L', '6L', '7R', '8R', '10L', '6R', '8R', '7L', '9L', '8L', '7L', '7R', '8R', '9R', '9L']"
305,1,"['6R', '6R', '6R', '9L', '6L', '8L', '7R', '6L', '8R', '10R', '8R']"
306,0,"['8R', '10L', '9L', '7L', '6L', '9L', '9R', '10R', '8R', '10L', '6R']"
307,1,"['6R', '8R', '6R', '6L', '7L', '9L', '8R', '10R', '6L', '10L']"
308,-1,"['8R', '6L', '9R', '9R', '7L', '9L', '6R', '7R', '7R', '8L', '7R', '8L', '10R', '7L', '6R', '7R', '8R', '9R', '10R', '9L', '6R', '7R', '8R', '9L', '8L']"
309,1,"['7R', '6R', '7R', '7L', '8R', '9L', '8R', '9R', '8R', '6L', '6R', '9L', '7R', '9R', '8L', '10R', '8R', '6L', '8L', '10L', '9R', '9R', '9R', '9L', '8R']"
310,1,"['8L', '10L', '6R', '9R', '6R', '7L', '10L', '9L', '7R', '8R', '6R', '10L', '9R', '10L', '9L', '8R']"
311,1,"['6R', '9L', '8L', '10R', '10R', '8R', '10R']"
312,1,"['9L', '7R', '10R', '8R']"
313,1,"['8R', '7L', '10R', '6L', '6R', '10R', '10R']"
314,-1,"['8L', '7L', '8R', '8L', '6R', '8L', '7R', '8R', '10R', '7R']"
315,-1,"['7L', '7R', '6L', '6R', '10R']"
316,-1,"['10R', '6L', '10R', '7L', '9R', '7R', '8R', '10L', '9L', '6L', '8L']"
317,-1,"['6R', '6L', '10L', '7R', '9L', '8R', '7R', '10L', '9L', '6R', '10R', '6R', '10R', '7L', '9R', '6L', '9L', '8R']"
318,-1,"['6L', '10R', '6R', '10L', '8R', '9R', '10R', '7R', '8L', '7L', '9R']"
319,-1,"['8L', '6R', '7L', '10L', '9L', '7R', '8R', '10L', '8L', '9L', '10L', '9R', '10L']"
320,-1,"['6R', '7R', '8L', '6L', '10L', '10L', '6R', '8L', '10L']"
321,-1,"['9R', '9L', '10R', '10R', '7L', '6L']"
322,-1,"['8L', '9L', '6R', '9R', '6R', '8L', '7L', '6R', '6R']"
323,-1,"['7L', '10R', '10R', '8R', '7R', '7R', '6L', '10R', '7R', '9L', '8L', '9L']"
324,1,"['10L', '8L', '9L', '7L', '9R', '10R', '6R', '8R']"
325,-1,"['6R', '10L', '10R', '9L', '8L', '9R', '7R', '8R', '6R', '7R', '8R', '9R']"
326,-1,"['7R', '8R', '8L', '10R', '7R', '9L', '8R', '9L', '8R']"
327,1,"['10R', '10L', '6L', '10R', '6L']"
328,-1,"['10R', '6R', '7R', '8L', '6R', '8L', '10R', '6L']"
329,1,"['8L', '9L', '8R', '7R', '8L', '10R', '7L', '6L', '10L', '9L', '8L', '6R', '8L', '7L', '10R', '6L', '7R', '6R', '7L', '6R', '7L', '7R', '8R', '9R', '8R', '6L', '8R']"
330,-1,"['7R', '9R', '7R', '6R', '10L', '7R', '7R', '8R', '9L', '8R', '8R', '9L', '9R']"
331,-1,"['8R', '10L', '9R', '7L', '6L', '9R', '10R', '10L', '6L', '7L']"
332,-1,"['9L', '9R', '10R', '6L', '7R', '8R', '10R', '6L', '8L', '7L', '6R', '7L', '8L', '10R', '10L']"
333,-1,"['7R', '10L', '7R', '10R', '7L', '7L', '10L']"
334,-1,"['6L', '8R', '10R', '8L', '10R', '9L', '7L', '6R', '7R', '8L', '10L', '7L', '6L', '9R', '10L', '6L', '9R', '10L', '6R']"
335,-1,"['9L', '6R', '9L', '9L', '7R', '8L', '7L', '8R', '6L', '6R']"
336,-1,"['6L', '6R', '10R', '9L', '10R', '8R', '10R', '6R', '7L']"
337,-1,"['8R', '8R', '7R', '8L', '7L', '10L', '9L', '6L', '7R', '10R', '6R', '7L', '6L', '10R']"
338,-1,"['9L', '8R', '9R', '6R', '6L', '8L', '7L', '6R', '7L', '6R', '7R', '8L', '7L', '6R', '7R', '8L', '7L', '6R', '7L', '6L', '6R', '6R', '8L', '9L', '10L', '7R', '10R', '9L', '10L', '7R', '8R', '9R', '10R', '7R', '6L', '10R', '8L', '6L', '10L', '9R', '10R', '9R', '7L', '8L', '9L', '8R']"
339,1,"['10R', '6R', '10L', '8R', '9R', '6L', '8R', '10R', '7L', '6R', '9L', '8L', '7R', '8L', '7R', '8L']"
340,1,"['8L', '8R', '6R', '7L', '8R', '6L', '7R', '8R', '9L', '8R', '9L', '8L', '7L']"
341,-1,"['9L', '9L', '7L', '9R', '10L', '10L', '8R', '6R', '6R', '7R', '8L']"
342,1,"['10R', '9L', '8R', '10L', '10L', '8L', '9L', '6L']"
343,-1,"['6L', '9L', '8R', '7R', '6L', '8R']"
344,1,"['9R', '8L', '10L', '7L']"
345,1,"['8L', '7L', '10R', '7L', '6L', '10L', '8L']"
346,-1,"['8L', '9L', '8L']"
347,-1,"['7L', '6L', '6R', '7R', '8R', '9L', '7L', '6R', '10L']"
348,1,"['6R', '6L', '9R', '10L', '6L', '8R', '7L', '6L', '10R', '8L', '7L', '6L', '10R', '9L', '7L', '8L', '7L', '6R', '8R', '6L', '8R', '9L', '8R', '7R', '8R', '9L']"
349,-1,"['10R', '6L', '7R', '6R', '10R', '10R', '10R', '10L', '9L', '8R', '9L', '10L', '9L', '8R', '9R', '9L', '6L', '10L', '7R', '6R']"
350,-1,"['6L', '10L', '8R', '7R', '9L', '6R', '7R', '9R', '8R', '9L', '8R', '9L']"
351,-1,"['6R', '9R', '7R', '9R', '9R', '8R', '10R', '8L', '10R', '9L', '6R', '9R', '10R', '8R', '6L', '7L', '10R', '8R', '10R', '9R', '10L', '9R', '10R', '6R', '7R', '6L', '10R', '8R', '9L', '8L']"
352,-1,"['10R', '10R', '6R', '10R', '6R', '8L', '9L', '8L', '6L']"
353,-1,"['10R', '8R', '10R', '6R']"
354,1,"['9L', '10R', '10L', '8R', '10R', '6R']"
355,1,"['8R', '6R', '10L', '6R', '8L', '6L', '7R', '9R', '10L']"
356,-1,"['9L', '6R', '6R', '10R', '6L', '10R', '6L', '8L', '9R']"
357,1,"['6L', '8L', '7R', '8R', '7L', '7R', '9R', '8L']"
358,-1,"['8R', '7L', '6R', '10L', '9R', '9R', '7L', '7L', '9R', '7L', '10R', '10R', '6R', '9R', '7R', '8R']"
359,1,"['7R', '9L', '10R', '6R', '9L', '6L', '6L', '9L', '8R', '6R', '8R', '7R', '6L', '8R', '9R', '10L', '9L', '8R']"
360,1,"['8R', '9L', '8R', '9L', '8R', '7R', '10R', '9R', '7R', '6L', '9R', '10R', '8R', '9L', '8R', '9L', '6L']"
361,-1,"['6L', '7R', '9L', '6R', '7R', '10L', '9R', '9L', '8R']"
362,-1,"['8R', '9R', '10L', '9R', '9L', '8L', '8L', '7L', '6R', '8L', '7L', '6R', '9L', '8R']"
363,1,"['8L', '9L', '10L', '10R', '10R', '6L', '7R', '9L', '6L', '8R', '9L', '8L']"
364,-1,"['10L', '8L', '7R', '9R', '6L', '8R', '8L', '9R', '10L', '8R']"
365,1,"['7R', '6R', '6L', '10R', '7L', '7R', '10R', '8R', '6L', '7L', '8L', '6R', '9R', '7L', '10L', '6R', '7L', '6L', '10L', '7L', '6L', '10L', '9L', '7R', '10R', '9R', '8R', '9L']"
366,1,"['7R', '8L', '9R', '7R', '6L', '9L', '8L', '9L', '10R', '6R', '9L', '7R', '9L', '10R', '8L', '7L', '6L', '6R', '7L', '6L', '6R']"
367,-1,"['6L', '9L', '8R', '10L', '6R']"
368,-1,"['8R', '10R', '9R', '8R', '10R', '8L', '6R', '9L', '7R', '7L', '9R', '10R', '7R', '8L', '7L', '6R', '7L', '6R', '7R', '8L', '7R']"
369,-1,"['8L', '10L', '8R', '8R', '10L', '8L', '10L', '8L', '9R', '10R']"
370,-1,"['9R', '9R', '6R', '9R', '7R', '10L', '8L', '10L', '10L']"
371,1,"['9L', '9L', '8R', '6L', '6L', '10L']"
372,1,"['7R', '10R', '8L', '7R', '9L', '6L', '7L', '10L', '10L', '9L', '6R', '9L', '10L', '9L', '8R']"
373,1,"['6R', '10R', '6L']"
374,-1,"['10R', '8L', '9R', '10R', '10R', '9R', '10R', '8R', '10R', '6R', '7L', '10R', '8L', '7R', '8R', '9L', '8L']"
375,-1,"['7L', '8L', '9L', '8L', '10L', '8R', '6L', '6L', '10R', '6R']"
376,-1,"['6L', '8R', '10L', '8R', '9R', '7R', '10R', '8R', '9R', '10L', '7L']"
377,1,"['10L', '9R', '9L', '7R', '8L']"
378,1,"['6R', '6R']"
379,1,"['8R', '8L', '8L', '9R', '6L', '10R', '9L', '6R', '7R', '10L', '7R', '8R']"
380,1,"['9L', '7L', '10R', '6R', '8R', '10L', '10L', '9R', '10L', '9R', '10L', '9L', '10R', '10L', '7R', '8L', '7R', '8R']"
381,-1,"['10R', '8R', '7L', '7R', '8R', '10R', '9L', '8L', '6R', '9R', '7L', '6L', '9R', '8R', '6R']"
382,-1,"['7L', '10L', '8R', '9L', '9R', '6L', '6L', '8L', '10L', '8R', '7R', '8L']"
383,-1,"['9R', '6R', '8R', '8R', '7L', '7R', '8R', '6L', '9R', '10R', '6R', '7L', '6L', '6R', '7R', '8L']"
384,1,"['9L', '7L', '6R', '8L', '9R', '10R', '10R', '9L', '10L']"
385,-1,"['8R', '7R', '6R', '10R', '9L', '10R', '8L']"
386,-1,"['6L', '8L', '8R', '9R', '7R', '9L', '8L', '6R', '9L', '6R', '9R', '10L', '6R', '6L', '7L', '9L', '10R', '8R', '9L', '10R', '8L']"
387,1,"['8L', '8R', '6L', '10R', '9R', '8R', '9R']"
388,1,"['7L', '8R', '8R', '9R', '7R', '8R', '10R', '10L', '9L', '6R', '10L', '6L', '9R', '9L', '8L', '7L', '6R']"
389,-1,"['8R', '10L', '9L', '7L', '8R', '9L', '8R', '10R', '6R', '7L']"
390,-1,"['9L', '6L', '10R', '9R', '9L', '8L', '6L', '7L', '6L', '8R', '6L']"
391,1,"['8L', '9L', '7L', '10R', '6L', '10R', '8L', '7L', '6L', '6L', '9L', '8R', '9L', '8L']"
392,-1,"['8R', '6L', '7R', '10R', '10R', '9R', '8R', '10R', '9L', '7R', '8L', '6L']"
393,1,"['7R', '8R', '9R', '10L', '8L', '6L', '8L', '7L', '10R', '6L', '7L', '8L', '7L', '10L', '10R', '8R', '8L', '9L', '8L']"
394,1,"['8R', '7R', '10L', '6L', '6L', '10L', '9L', '6L', '6L', '8R']"
395,-1,"['8R', '7R', '8R', '6R', '10L', '7L', '8R', '10L', '8R', '6L', '8R']"
396,-1,"['7R', '6R', '10R', '7L', '10R', '8L', '10L', '6L', '6R']"
397,1,"['10R', '6L']"
398,-1,"['6L', '6L', '10R', '10L', '6L', '9R', '9L', '8L', '7R', '6L', '6L', '7R', '10L', '8L', '6R', '7L', '6L', '6L', '8L', '6R', '9R', '10L', '6L', '9L', '10L', '7R']"
399,-1,"['9L', '8L', '9R', '7L', '6R', '7L', '6R', '7R', '8R', '9L', '10R']"
400,1,"['9L', '7L', '9R', '10R', '6R', '7R', '8R', '9L', '8L']"
401,0,"['9R', '10L', '10L', '10R', '9L', '8R', '9L', '7R', '7L', '6R', '7L', '6L', '10L']"
402,1,"['6R', '10R', '6R', '7L', '7L', '8L', '7L', '6L', '9R', '9L', '7R', '8R', '9R', '10R', '10L']"
403,-1,"['8L', '6L', '9R', '6R', '7L', '6L', '9L', '8L', '6L', '10R', '9L', '7L', '8R']"
404,1,"['6L', '10L', '10R', '9L', '8L', '10R', '6L', '7L', '8L']"
405,-1,"['6L', '7L', '10L', '7L', '6R', '8R', '9L', '6R', '7L', '6R', '10R']"
406,-1,"['10R', '10L', '9L', '6L', '8L', '6L', '8R', '10R', '9L', '6L', '7L']"
407,1,"['9L', '9L', '8L', '6L', '9R', '10R', '8L', '9R', '10R', '6L', '10L', '6R']"
408,1,"['9R', '7R', '10R', '7R', '7L', '10R', '6L', '6L', '10R', '8R', '10R', '6L', '7L', '6R', '7L', '7L', '6R', '10L']"
409,1,"['8R', '8L', '7L', '10R', '9R', '10L', '8R']"
410,-1,"['8R', '8R', '7R', '8R', '7R', '9L', '7L', '10L', '9R', '9R', '10R', '8L', '7L', '6L', '9L', '8L']"
411,-1,"['10R', '7R', '9L', '7L', '7R', '8R', '8L', '7R', '8R', '9R', '10R']"
412,-1,"['10L', '8L', '6L', '9L', '8R']"
413,-1,"['9L', '9R', '10R', '6L', '10L', '9R', '10L', '8R']"
414,1,"['9R', '9R', '6R', '9L', '9R', '6L', '8R', '9R', '10R', '10R', '8L', '7R', '8R']"
415,-1,"['8R', '9R', '9L', '7R', '7R', '8L', '6L', '10R', '6R', '8L', '7R']"
416,-1,"['9R', '10R', '8R', '10R', '10R', '6R', '8L']"
417,1,"['6L', '10L', '8L', '7L', '6L', '10L', '9L', '8R', '9L', '6R', '7L', '10R', '7L', '6R', '7R', '8L', '7R', '8L', '7L', '6L', '7R', '10R', '6L', '8R', '9L', '7R', '8L']"
418,-1,"['7L', '7R', '6R', '10R', '8R', '8L', '7L', '6R', '7L', '6R']"
419,-1,"['10R', '7L', '7L', '8R', '10L', '9R', '9R']"
420,-1,"['9R', '9L', '9L', '6L', '7R', '9L', '8L', '7R', '9R', '8R', '6L', '9L', '7R', '8R']"
421,-1,"['9L', '9L', '7L', '6L', '7L', '6L', '10L', '8L', '7L', '9R', '6R', '7L', '6L', '7L', '10R', '6L', '8L']"
422,-1,"['9R', '6R', '10L', '8R', '6L', '9L', '7R', '9R', '7R', '8R', '9L', '8L', '7L', '10R', '6L', '10R', '7R', '10L', '7R', '9L', '8L', '7L', '6R', '8R']"
423,1,"['7R', '10L', '8L', '9R', '7R', '9L', '8L', '6R', '7L', '9R']"
424,-1,"['9L', '7L', '7R', '6L', '10R', '10L', '9R', '10L', '9R', '10R', '6R', '7L', '8L', '7L', '9R', '7L', '6L', '8L']"
425,1,"['7L', '9R', '8L', '8R', '9L', '8L']"
426,-1,"['8L', '9L', '8R', '9L', '9R', '7R', '8L', '7L', '8L', '6L', '10L']"
427,-1,"['6L', '8R', '10L', '8L', '7R', '8R', '9R', '10L', '7R', '7R', '8L', '10L']"
428,-1,"['10R', '9R', '10L', '6R', '9L', '6L', '7R', '9R', '10R', '8R', '10L']"
429,1,"['7R', '10L', '10L', '9R', '9L', '10L', '6L', '9R', '10R', '8R', '9L', '6R', '7L', '6L', '10L', '7R', '8R', '7R', '10L', '8L', '7R']"
430,-1,"['7R', '10R', '7L', '8L', '7L', '6L', '10L', '9L', '7R', '7R', '10L', '8R', '9L', '8R', '9L', '8R']"
431,1,"['8R', '7R', '6L', '6L', '9R', '8L', '10R', '7R', '10L']"
432,-1,"['8R', '9L', '8R', '7R', '7L', '10L', '7L', '10L', '8L', '7L', '9R', '10L', '9R', '10L', '9L', '8R']"
433,1,"['10R', '9R', '9L', '6L', '10R', '10L', '10R', '8R']"
434,-1,"['7R', '6L', '10L', '9L', '6R', '6L', '9R', '10L', '9L', '8R', '10L', '9R', '6L', '8R', '10R', '9R', '10L', '9R', '6R', '7R', '8L', '8L', '10L', '9L', '8R']"
435,1,"['8L', '8L', '9L', '7L', '7L', '9L', '10L', '10R', '8L', '7R', '9R', '8L']"
436,-1,"['7R', '6R', '10L', '6R', '7L', '7L', '9L', '9R', '10R', '7L', '6L', '8R', '9L', '8R', '9R', '10L', '9L', '8R', '8L', '7R', '8R', '9R', '10R', '8R', '6L', '9R', '9L', '8R']"
437,-1,"['10R', '6R', '10R', '7R', '6L', '10L', '6R', '9L']"
438,1,"['10R', '8L', '10L', '10L', '10R', '8L', '7R', '8R']"
439,-1,"['7R', '10R', '8R', '8L', '10L', '9L', '10R', '8R', '9R', '10R', '10L', '9R', '10R', '7L', '6R', '10R']"
440,-1,"['8L', '10L', '9R', '6L', '10R', '9L', '8R', '9L']"
441,1,"['6R', '10R', '7R', '10L', '6L', '7L', '10L', '7L', '6L', '8R', '9L']"
442,-1,"['8R', '9L', '10R', '8L', '6R', '10L', '8L', '7L', '7L', '10L', '7L', '6R', '9L']"
443,-1,"['9L', '6R', '7L', '8L', '9R', '8R', '6L']"
444,1,"['7R', '6R', '7R', '9R', '6R', '7R', '9L', '8R', '6L', '7R', '9R', '8L', '6R']"
445,-1,"['10R', '9R', '10R', '8R', '8L']"
446,1,"['6L', '10L', '10R', '7L', '7R', '6R', '8L', '6R', '10R', '7L', '9L', '8R', '6R', '10L', '7L', '9L', '8R', '9L', '8R', '9L', '8L']"
447,-1,"['8L', '9L', '6L', '8R', '9L', '6R', '7L', '8L', '7R', '8R', '6R', '7R', '8R', '9R']"
448,-1,"['6R', '7R', '9R', '10R', '6R']"
449,1,"['10R', '8L', '10L', '9L', '8L', '9R', '10L', '6L', '10L', '10R', '9R', '10L']"
450,1,"['7R', '6L', '6L', '9R', '6L', '7R', '8L', '6R', '6R', '8L', '10R']"
451,-1,"['7L', '6L', '6L', '9L', '7R', '8L', '7R', '8L', '7R', '9L', '10L', '7R', '9L', '7R', '10L', '9R', '10L', '9R', '10R', '10R', '9L', '7L', '7R', '8L']"
452,-1,"['8R', '7R', '10L', '6R', '10L', '8R', '10L', '9R', '6L', '10R', '7R', '8R', '9R', '9R', '8R', '10R', '8R', '6R']"
453,-1,"['7L', '10L']"
454,0,"['9L', '8R', '8R', '7L', '8R', '9R', '7R', '7L', '8R', '10L', '8L', '7L', '9L', '8R', '7R', '8R', '9L', '8R', '6R']"
455,-1,"['9L', '6R', '10R', '6L', '9L', '6L', '8L']"
456,-1,"['7L', '7R', '8R', '6L', '9L', '8L', '10R', '9R', '7R', '7R', '8R', '9L']"
457,-1,"['10L', '8R', '9R', '9L', '6L', '10L', '10R', '7L', '8L', '7R', '8R']"
458,-1,"['7R', '8L', '6R', '10R', '7R', '7R', '7R', '9L', '6R', '8R', '9R', '10R', '6L', '9L', '8L', '7L', '10R']"
459,-1,"['7R', '6L', '6L', '6L', '9L', '10R', '8L', '9R', '10L', '9R', '7R', '9R', '7L']"
460,-1,"['8L', '7L', '8L', '10R', '8L', '7L', '6L', '9R', '6L', '8R', '9R', '10L', '9R', '10L', '8R', '6L', '7R', '7R', '8L', '9L', '8R', '10L', '9R', '10R', '9L', '8R', '9L', '8L']"
461,0,"['9R', '10R', '9L', '8R', '7L', '6L', '9L', '8L', '6L', '7R']"
462,-1,"['8L', '7R', '6L', '7L', '9R', '8L', '9R', '6L', '9R', '9R', '9L', '8L', '7L', '6L', '7L', '10R', '9R', '6R', '8R', '9R', '7R']"
463,-1,"['7R', '8L', '6R', '7L', '9R', '6L', '7L', '8L', '8L', '10R', '9R', '7R', '8L']"
464,1,"['7R', '6L', '8L', '10R', '7L', '8R', '9R', '6L', '9R', '10L', '7L', '8R', '10L', '8R']"
465,1,"['6L', '7L', '6L', '9L', '7L', '10R', '10R', '6L', '10L', '9L', '8R', '9L', '8L']"
466,1,"['8L', '8R', '7R', '6R', '9L', '6L', '8R', '6L', '10L']"
467,-1,"['10R', '6R', '7L', '6R', '9L', '8L', '6R', '8L']"
468,-1,"['9R', '8R', '6L', '8L', '6R', '9R', '9R', '10R', '10R', '8R', '9R', '10L', '9R', '6R', '7L', '6R', '7L', '9L', '10R', '8L', '8R', '6L', '6R']"
469,-1,"['10L', '6R', '10R', '10R', '7R', '7R', '9L', '6L']"
470,1,"['10R', '8L', '8R', '6R', '10L', '8R', '6R', '8L', '7R', '8R', '9R', '10R', '8R', '9L', '7L', '8R', '9L', '8R', '9R', '10R', '6R', '9R']"
471,-1,"['8L', '6R', '10R', '6L', '9L', '7R', '7L', '10L', '9L', '8L', '7R', '8R', '9R', '10R', '7L', '9R', '10R', '8R']"
472,-1,"['6L', '9L', '9L', '6R', '7R', '8R', '9L', '8R', '6L', '9R', '10R', '8L', '7L', '6L', '9L']"
473,-1,"['9L', '10R', '7L', '10L', '6R', '8L', '7L', '6L', '10L', '7L', '7L', '10R', '7L', '6L', '8L', '10L']"
474,1,"['10L', '9L', '10R', '7R', '7L', '6L', '7R', '8L', '7L', '6R', '8R']"
475,1,"['8L', '10R', '10R', '7L', '9L', '7R']"
476,-1,"['6R', '10R', '7R', '7L', '9L', '7L', '6R', '8L', '7L', '6R', '7L', '6R', '7L', '6L', '7L', '9R', '8R', '10R', '9R', '10L', '9R', '10R']"
477,1,"['10L', '7R', '7L', '8L', '7R', '9R', '8L', '6L', '10L', '7L', '8L', '6R', '10L', '9L', '7R']"
478,1,"['10L', '8R', '10L', '10R', '8R', '8R', '8L', '9L', '8L', '7R', '8L', '7L', '6R', '7R', '8R']"
479,1,"['6R', '8R', '9R', '9L', '10R', '6L', '9L', '8R', '9L', '7R', '10R', '8R', '9L', '10R', '8R']"
480,1,"['7L', '9L', '6L', '6R', '7L', '8L', '6L', '8L', '6R']"
481,-1,"['7L', '8L', '6R', '6L', '8R', '8R', '7L', '10R', '6L', '7L', '6L', '10L', '9R', '9L', '9L', '8R', '6L', '6R', '6R', '8L', '10R', '7R', '9L', '8L', '7R', '8R', '9R', '7L', '9L', '6L', '7L', '6R', '9R', '10R', '6L', '8L', '7R', '8L', '7L', '7R', '8L']"
482,1,"['9L', '10L', '10L', '8L', '6L', '8R', '9R', '10R', '9R', '10R', '7R', '10R', '10L', '8L', '7R', '10L', '9R', '8R', '9R', '10L', '8R']"
483,-1,"['8R', '7R', '10L', '6L', '9R', '9R', '10L', '9R', '10L', '6R', '9L', '8R']"
484,-1,"['6R', '8L', '6R', '10R', '10R', '8L', '6L', '6L', '7L', '6L', '9R', '7L', '7L', '9R', '6R', '10R', '7L', '6L', '9L', '6L', '8R', '9L']"
485,-1,"['7R', '8R', '9L', '7L', '6R', '10L', '9L']"
486,-1,"['9L', '10L', '10L', '8L', '9L', '6R', '8R']"
487,1,"['8R', '6L', '7R', '6L', '9R', '10L', '7R']"
488,-1,"['8R', '6L', '10L', '6L', '8R', '9L', '10R', '6L', '9L', '6L', '6L', '9L', '8L', '6R', '7L', '6L', '8R', '8L', '9R', '7R', '8R', '9R', '10R', '7R', '8L', '7L', '6L', '6L', '8R']"
489,-1,"['10R', '10R', '8L', '6L', '10R']"
490,1,"['10L', '9R', '6R', '9L', '8L', '7R', '9L', '8L', '6R', '10L']"
491,1,"['10R', '6L', '10R', '7R', '9L', '7R', '9L', '8R']"
492,1,"['9L', '10R', '8L', '8L', '7L', '10R', '6L', '6L', '7L', '10L', '9R', '7L', '10R', '6L', '9R', '7L', '8R', '9R', '10R']"
493,-1,"['10R', '7R', '7R', '9R', '8L', '10L', '9L', '8L', '7R', '8R']"
494,-1,"['6L', '8L', '10L', '8R', '9R', '6R', '8L', '7L', '9L', '7L', '8R', '10R']"
495,-1,"['10L', '7R', '8L', '9R', '8L', '6L', '6R', '7L', '10R', '6L', '8L', '9L', '8R', '7L', '7R', '8R']"
496,1,"['9L', '9R', '7L', '9L', '10L', '9R', '10L']"
497,-1,"['8L', '8L']"
498,-1,"['6L', '9L', '8L', '10R', '7R', '10L', '8L', '6L', '10R', '6R', '7R', '8R', '7R', '7R', '8L', '9R', '7R', '8R', '10L']"
499,-1,"['8R', '10L', '7R', '9R', '10L', '6R', '6L', '9L', '6R', '10L']"
500,-1,"['6R', '10R', '6R', '8L', '9L', '10L', '9L', '8R', '9L', '8L', '6R', '9L', '7L', '6L', '8R', '9L', '8L']"
501,-1,"['8L', '7L', '8R', '10R', '8L', '7L']"
502,-1,"['8L', '9R', '6L', '7R', '10R', '7L', '8R', '9R', '10L', '9L', '8L']"
503,-1,"['9R', '10L', '8R', '8R', '7R', '10L']"
504,-1,"['10L', '9R', '8L', '6L', '9L', '10L', '7L', '6R']"
505,-1,"['7L', '10L', '8R', '9R', '6R', '7R', '10L', '8L', '6R', '8L', '7R', '8R', '9R', '9R', '10R', '9L', '6R']"
506,1,"['8L', '7R', '10R', '8L', '9R', '9R', '6L', '7L', '6L', '8L', '7R', '8L']"
507,1,"['8R', '8R', '10R', '9R', '7L', '6L', '10R', '9L', '7R', '8L', '6R']"
508,1,"['7R', '6R', '9L', '10R', '8L', '9L', '9R', '10L', '9L', '8L', '7L', '6L', '9L', '6L', '6R', '7L', '6L', '6R', '7L', '6R']"
509,-1,"['6L', '8R', '7R', '9L', '6L', '10R', '8L', '9R', '10L', '9R', '10L']"
510,-1,"['10R', '8L', '7R', '10L', '7L', '6R', '8L']"
511,-1,"['6R', '7L', '8R', '6L', '9L', '8R', '10L', '9L', '6L', '8L', '6R', '7R', '8R', '9L', '10R', '7L', '6R']"
512,-1,"['7R', '8R', '10L', '10L', '8R', '7L', '8L', '9L', '10R', '8R', '9L', '10L', '9L', '6L', '8R', '6R', '9R', '10L', '7R', '10L', '9R', '7L', '10L']"
513,-1,"['7L', '8R', '6R', '8R', '10R', '10R', '6R', '6L', '8R', '6L', '6L', '9L', '8L', '7L', '6R', '8R', '7R', '10L']"
514,1,"['10R', '9R', '9R', '6L', '10L', '9L', '8R', '6L', '9L', '7R', '8R', '10R', '10R', '8L', '7R', '8L', '9R', '6R', '6L']"
515,1,"['9L', '6L', '6R', '8L', '8L', '10L', '9R', '10L', '9R', '10L', '7R', '6R', '7R', '8L', '7R', '8R', '9R', '10R', '6L', '6R', '7L', '8L', '10L', '9L', '8L', '7R', '8L', '7R', '8R']"
516,1,"['9L', '9L', '6L', '7L', '9R', '7L', '10L', '7R']"
517,1,"['6L', '10L', '6R']"
518,-1,"['8R', '8R', '9R', '7L', '6R', '8R', '7L', '6R', '7R']"
519,-1,"['7R', '8L', '8R', '6L', '7R', '8L', '6R', '10R', '7L', '9R', '6L', '9R']"
520,-1,"['8R', '7L', '6R', '8L', '9R', '6R', '7R', '9R', '7L', '9R', '10L', '9R', '10R']"
521,-1,"['6L', '10L', '9L', '6L', '9R', '7R', '10R', '6L', '10L', '6L', '10R']"
522,-1,"['6L', '6L', '10L', '7L', '6L', '8L', '7L', '6R', '7R', '6L', '8R', '6R', '7L', '6R', '7L', '6R', '7L']"
523,1,"['7R', '10L', '9L', '8L', '8L']"
524,-1,"['9L', '6R', '6L']"
525,1,"['7L', '10R', '6R', '9R', '6L', '6R', '6R', '6L', '8L']"
526,1,"['8R', '9L', '10L', '6R', '10L', '9L', '9R', '10L', '6R', '7R', '8L', '8R', '6R', '8L']"
527,-1,"['10R', '6R', '6R', '7R', '10R', '8L', '9L', '8L', '7L', '6R', '7L', '6R', '7R', '8R', '9L', '8L']"
528,-1,"['10L', '9L', '6L', '9R', '10L', '10R', '10L', '7L', '6L']"
529,-1,"['7R', '6L', '8R', '8L', '10L', '6R', '10L', '7R']"
530,-1,"['9L', '6R', '6L', '7R', '10R', '9R', '6L', '10R', '8L', '7L', '6L', '9L', '8R']"
531,-1,"['8L', '8L', '6L', '7L', '9R', '10L', '9R', '7L', '7L', '6L', '6R']"
532,-1,"['6L', '7L', '9L', '10L', '8L', '6R', '8R', '6R', '6R', '10L', '6L', '8L', '7R', '8L', '6R', '7L', '6R', '8R', '6L', '7L', '9L', '6R', '7L', '10R', '6L', '7L', '8L', '7L', '9L', '10R', '8L', '10R', '7R']"
533,-1,"['9L', '7R', '6R', '9L', '10R', '6L', '9R', '8R', '6L', '10L', '9L']"
534,-1,"['10R', '6R', '6L', '9L', '6R', '8L', '9L', '6L', '8R', '6L', '10L', '9R', '10L', '9R']"
535,-1,"['10R', '9L', '6L', '9R', '10L', '9L', '6R', '7L', '6R', '10L', '9R', '10L', '9L', '8L', '10L', '9R']"
536,-1,"['9R', '9L', '7R', '9L', '6L']"
537,-1,"['6R', '10R', '9R', '9L', '7R', '8L', '7L', '6L', '6L', '9L', '6L', '9R', '7L', '6R', '7L', '9L', '6R', '7R', '6R', '9R', '7R', '9R']"
538,-1,"['7R', '9R', '9R', '8L', '10L', '9L', '9L', '6L', '8R']"
539,1,"['7L', '7L', '7L', '6L', '8R', '7L', '8L', '6R', '8L']"
540,-1,"['9L', '9L', '9L', '8L', '9L', '8R', '10R', '7R', '9R', '6R', '6L', '8R']"
541,-1,"['8R', '8R', '6R']"
542,1,"['7R', '7R', '9L', '10R', '10L', '8L', '6L', '10L', '8L', '7L', '6L', '9L', '10R', '9R', '7L', '6R']"
543,-1,"['6R', '7R', '8R', '9L', '8R']"
544,-1,"['6L', '8L', '8L', '6L', '10R', '7R', '8R']"
545,-1,"['6L', '10R', '6L']"
546,1,"['7L', '9R', '9R', '6R', '8L', '9L']"
547,-1,"['9L', '10R', '8L', '9R', '7R', '6R', '10L', '7R', '8L', '7R', '6R', '8L', '6L', '8R', '9R']"
548,-1,"['7L', '6R', '6R', '9R', '6R', '9L', '8L', '9R', '10L', '8R']"
549,-1,"['6L', '6R', '9R', '6R', '6L', '10R', '9L', '8R', '6L', '9L', '7L', '10L', '9L', '8L', '7L', '9L', '7L', '6R', '8R']"
550,-1,"['9R', '10L', '9L', '7L', '7R', '8L', '10R', '9R', '7L', '10R', '6R', '7L', '9L', '7L', '9R', '10L', '9R', '10R', '6L', '10R', '8R']"
551,1,"['7R', '8R', '9R', '6L', '6R', '7L', '7R', '9R', '8R', '9R', '8L', '9R', '10L', '9L', '8L', '7R', '8R']"
552,1,"['9L', '9R', '9L', '7R', '7L', '7L', '10R', '6L', '6R', '9R', '9L', '8R']"
553,1,"['8R', '8R', '10L', '9L', '6L', '6L', '10L']"
554,1,"['6R', '6L', '9R', '8R', '9L', '8L', '6L', '9L', '10R', '8R', '9R', '10L', '9L', '8L', '6L', '7L', '6R', '10R', '8R']"
555,1,"['8R', '9L', '8R', '6L', '6R', '8L', '8R', '6R', '7L', '6R', '8L', '8L', '10L']"
556,1,"['9L', '9R', '7L', '6R', '8R', '10L', '9R', '10R', '8R', '9L', '10L', '9R', '10R', '9R', '8R', '6R', '7R', '8L']"
557,1,"['8L', '8L', '10L', '8R', '6R', '7R', '8R', '9R', '10L', '10L']"
558,0,"['10R', '7R', '10L', '8R', '10R', '9L', '6R', '9L', '8L', '7L', '6R', '8L', '10L', '9L', '8R']"
559,-1,"['6L', '8L', '6R', '8R', '10L', '6L', '8L']"
560,1,"['9L', '9L', '6R', '6L', '8L', '7L', '6L', '10L', '6L', '7R', '8L', '7L', '6L', '10L', '7R', '8L']"
561,1,"['7R', '8L', '9L', '6L', '7L', '9R', '9L', '8L', '6L', '9R', '8R', '6L', '9L', '8L', '7L', '7L', '6L', '10R', '9L']"
562,1,"['10L', '9L', '9L', '7L', '9R', '10R', '8L', '7R', '9R', '8L']"
563,-1,"['6L', '10R', '9R', '9R', '6R', '10R', '9L', '8L', '6L', '6L', '6R', '6R', '9R', '10R', '7R', '9R', '8R', '9R', '6L', '9L', '8R', '6L', '10R', '6L', '8R', '9R', '10R', '6L']"
564,-1,"['9L', '6R', '9L', '7L', '6L', '10R', '10L', '9R', '10R', '6R', '9L']"
565,-1,"['7R', '10R', '6R', '7R', '6L', '8L', '7R']"
566,-1,"['6L', '8L', '6L', '10L', '7R', '10L', '8L', '9L']"
567,1,"['7R', '6R', '6R', '7R', '8L', '6L', '9L', '10R', '6R', '8R', '10R', '8L']"
568,-1,"['7R', '6R', '7R', '7R', '10L', '9L', '8L', '6R', '10R', '7L', '6L', '6R', '7R', '8R', '9R', '6R', '9L']"
569,1,"['9R', '8R', '6L', '9R', '10R', '7R']"
570,1,"['10L', '10L', '9L', '9R', '8R', '8R', '7R', '8L', '10L']"
571,-1,"['6L', '10L', '7L', '8L']"
572,1,"['9R', '6R', '8R', '9R', '10L', '9R', '9L']"
573,-1,"['7L', '10R', '10L', '9L', '8L', '10R', '6L', '8L', '9L', '7R', '6L', '6L', '9R', '10L', '9L', '8L', '6R', '7R', '8R', '10L']"
574,-1,"['7L', '8R', '6R', '8L', '8L', '6R', '7R', '8R', '6R']"
575,-1,"['6L', '10R', '8R', '8R', '7L', '6R', '8R', '9L', '6R']"
576,1,"['7R', '7R', '6L', '8L', '6R', '8L', '9R', '8R', '10L', '10R', '10L', '9L', '6R', '7R', '9L']"
577,-1,"['7L', '9R', '6R', '9L', '8R', '9R', '7L', '8L', '7L', '9L', '10R', '8R', '9R', '10R', '7L', '6R', '7R', '8R', '9R', '7L', '10L', '7L', '9R', '6L', '10R', '6R']"
578,-1,"['7R', '6L', '8L', '10R', '8L', '8L', '7L', '9L', '8R', '9R', '7R', '10L', '9R', '10R', '7R', '6L', '10R', '8R', '10R']"
579,-1,"['7R', '10L', '9R', '10R', '7R', '8L', '10R', '7R', '8R', '9L', '8R']"
580,-1,"['10R', '8R', '8R', '8L', '8L', '6R', '7L', '6R', '6R', '9R', '10L']"
581,-1,"['7L', '6R', '7R', '8R', '7L', '10L', '9L', '8R', '6R', '7L', '7L', '6R', '7L', '6R', '7R', '8R', '9L']"
582,1,"['9L', '9L', '6R', '9R', '10L', '9R', '10R', '8R', '6L']"
583,1,"['9L', '6L', '6R', '8R', '8L', '7R', '8R', '9L', '8R', '9R', '9L', '8L', '7L', '8L', '10L', '9L', '8R']"
584,1,"['6L', '6R', '7L', '8R', '9L', '9R', '6L', '9R', '10R', '6R', '7R', '9R', '10R', '8R']"
585,1,"['10R', '7R', '7L', '8R', '6R', '10L', '6R']"
586,1,"['8L', '9R', '8L', '7L', '10L', '6L', '6R', '10R', '8L', '10L', '8L', '10L', '9L', '8L', '7R', '8L', '7L', '9L', '7R', '6L', '10L', '10R', '10L', '7L', '6R', '7R', '8L']"
587,-1,"['9R', '9R', '7R']"
588,1,"['8L', '8R', '10L', '10R', '8L', '10L', '6L', '9R', '9R', '9L', '8L']"
589,-1,"['8R', '10R', '7R', '10L', '7R', '9R', '10R', '6R', '7R', '7L', '9L', '8R', '7R', '10R', '10R', '7R', '9R', '10R', '8L', '10R', '9L', '7R', '9L']"
590,1,"['10R', '9R', '7L', '10L', '7R', '8L', '10R', '7L', '6R', '7R', '8R', '9R', '9L', '8L', '7L', '6L', '8R', '9L', '8R', '9L', '8R', '9L', '8R', '9L', '8L']"
591,-1,"['9L', '8R', '10L', '6R', '8L', '6L', '7R', '10L', '8R', '10L', '9L']"
592,-1,"['6L', '8R', '10L', '6L', '6R', '8L', '6R', '6L']"
593,-1,"['8R', '10R', '8R', '6L', '8L', '10R', '7R', '8R', '10L', '6R']"
594,-1,"['10L', '10R', '7L', '10R', '10L', '9L', '9R', '10R', '8L', '9L', '10L', '7R', '10L', '7R', '8R', '9L', '8L', '9L', '6R', '8L', '6R', '7R', '9R', '10R', '8R']"
595,-1,"['9L', '10R', '9R', '7L', '9R', '6L', '9R', '8R', '9R', '6R', '8R', '10R', '8R', '9R', '10L', '6R', '7L', '6L', '10L', '9L']"
596,-1,"['6R', '7L', '10L', '7R', '9R', '6R', '9R', '10R', '6L', '8L', '8L', '8R', '9R', '10L', '9R', '10R', '8R', '7L', '6R', '10R', '8L', '7R']"
597,1,"['6R', '6R', '7L', '10L', '9R', '10L', '8R', '6L', '10L', '10R', '6R', '9L', '6L', '8R', '9R', '10R', '6R', '7R', '8L']"
598,1,"['8R', '7L', '8L', '10R', '7L', '9L', '6R', '10L']"
599,-1,"['10L', '10R', '6R', '7L', '6L', '10R', '7L', '9L', '8R', '9R', '10R', '8R', '6L', '9R', '7L', '10L', '9L', '8R']"
600,-1,"['8L', '10R', '9R', '7L', '8L', '6L', '8L', '7L', '9L', '8L', '7L', '6R']"
601,-1,"['6R', '7R', '8L', '10R', '9L', '6R', '9R', '7L', '7L', '10R', '9L', '10L']"
602,1,"['9R', '10R', '8R', '8R', '10L', '8L', '7R', '8R', '9R', '10R', '6L', '7L', '8L', '9R', '10R']"
603,1,"['6L', '7L', '9R', '8L', '10R', '10L', '7R', '8R', '9L', '8L']"
604,-1,"['7L', '6L', '10L', '8R']"
605,-1,"['8L', '9R', '6L', '10L']"
606,-1,"['6L', '6R', '8R', '8R', '6L', '7L', '10L', '6R', '7L', '6L', '8R', '6R', '7R']"
607,-1,"['8R', '8R', '8R', '7L', '10L', '9L', '8L', '9L', '9L', '10L', '9L', '8R', '9L', '8R']"
608,-1,"['6R', '9R', '9L', '8R', '7L', '10L', '10R', '6L', '10L']"
609,-1,"['8R', '8R', '7L', '7L', '6R', '7L', '8L', '10R', '8L', '7R', '8R']"
610,1,"['6R', '7L', '8L', '7L', '6L', '8L', '7R', '6R']"
611,-1,"['8L', '8L', '7L', '9L', '8L', '7R']"
612,1,"['6R', '7L', '8L', '6L', '10L', '9L', '7R', '10R', '9L', '6R', '9R', '10R', '7R', '7L', '9R', '10R', '8R']"
613,1,"['7R', '10R', '7R', '6R', '9R', '7R', '9L', '8R']"
614,1,"['6R', '10R', '6L', '9L', '9R', '10L', '9R', '10R', '7L', '7L', '6L', '8L', '10L', '9R', '10R', '6L', '7L', '6L', '10R', '10R', '6L', '10L', '9L', '8R']"
615,1,"['7L', '7R', '9R', '10R', '8L', '8L', '8R', '6R', '7L', '6R']"
616,1,"['8L', '7L', '8R', '9L', '10R', '8L', '7L', '7R', '8L']"
617,-1,"['7L', '8R', '9L', '10L', '10R', '9L', '8L', '6R', '8L', '10R', '9L', '6L', '8L', '6R', '8R', '7R', '7L', '9L', '8R']"
618,1,"['8R', '7R', '7R', '9L', '8L', '6R', '10L', '9R', '9R', '10L']"
619,-1,"['6L', '8R', '6R', '8L', '9L', '7R', '10L', '10L', '7R']"
620,0,"['7R', '8R', '8R', '6L', '10L', '7R', '6L', '10L', '8R', '10L', '8L', '7R']"
621,1,"['6R', '7R', '7R', '6R', '10L', '6R', '10L', '7L', '7L', '10R']"
622,-1,"['10L', '7R', '8R', '8L', '7L', '6L', '10L', '9R', '10R', '7R', '7L', '9R', '6L', '9R', '10R', '8L', '7L']"
623,1,"['10L', '8L', '6L', '10L', '10R']"
624,-1,"['8R', '8R', '9L', '7L', '6R', '9R', '7R', '8R', '9R', '10R', '6R']"
625,1,"['8R', '10L', '8L', '6L', '7R', '10L', '9L', '9R', '10L', '9R', '10L', '9R']"
626,-1,"['6L', '7R', '9L', '9R', '10R', '9R', '8R', '8L', '10R', '6L', '9L', '8L', '6R']"
627,-1,"['7R', '7R', '9R', '10L', '9R', '10R', '6L', '7L', '6R']"
628,1,"['10L', '8L', '9R', '9R', '6L', '10R', '10L', '7L', '9R', '10R', '6R', '7R', '6R', '7L', '6L', '9L', '10L', '9R', '8L', '7R', '10L', '7R']"
629,-1,"['7R', '8L', '10L', '6L', '6R', '9L', '7L', '9R', '10R', '8L', '10L', '9R', '10R', '10L']"
630,-1,"['9L', '9R', '6L', '7L', '9R', '8L', '7R', '6L', '8R', '9R', '10L', '8R', '9R', '10R', '7R', '9R', '10L', '6R', '7R', '8L']"
631,-1,"['8L', '9L', '9R', '8L', '10L', '8R', '10L']"
632,1,"['6R', '6L', '6L', '10L', '6L', '7R', '8R', '10L', '9R', '9R', '10L', '9L', '8L', '7L', '6L', '7L', '6L', '9R', '10L']"
633,1,"['7R', '10R', '8R', '10R', '6L', '7R']"
634,-1,"['6R', '7R', '6L', '6R', '7R', '7L', '9R', '10R', '6L', '8R', '9L', '7R', '8L', '6R']"
635,1,"['9L', '8R', '7L', '8L', '6L', '8R', '7L', '6L', '9R', '8R', '9L', '8L']"
636,1,"['8R', '7L', '6L', '10R', '7R', '9L', '8R', '10L', '9L', '7R', '10L', '9R', '9R', '10L', '9R', '10R', '7L', '9R', '8R', '10L', '6L', '10R', '8R']"
637,-1,"['10L', '10R', '9L', '8L', '7R', '6R', '10L', '9L']"
638,-1,"['9L', '8L', '6L', '6L', '7R', '8L', '9R', '9L', '6R', '10R', '6R', '10R']"
639,-1,"['7L', '10L', '7R', '10L', '9R', '10R', '6L', '10L', '9R', '10R', '9L', '10L', '6R', '9R', '8L']"
640,-1,"['6L', '8R', '7L', '7R', '10L', '9L', '8L', '10L', '8L']"
641,-1,"['10R', '9L', '10R', '7L', '8L', '10L', '7L', '6R', '8L', '7L', '6L', '9R', '7R', '6L', '8L', '7L', '6R', '7L', '8R', '6R', '7L', '6L', '7L', '10R', '8L', '6R', '7L', '6L', '8R', '9R', '10L', '9L', '8L']"
642,-1,"['9R', '8R', '10L', '7L', '10L', '8L', '7R', '10R', '8L', '10R', '8L', '7R', '8L']"
643,1,"['7L', '7R', '9L', '7L', '10R', '9R', '8L', '7L', '6R', '9R', '10R', '8L', '7R', '8L', '7R', '8L']"
644,-1,"['9L', '8L', '6L', '6L', '7L', '6L', '6R', '7L', '8R', '7L', '6L']"
645,1,"['7L', '8R', '8R', '10R', '6L', '6L', '8R', '6L', '10L', '9R', '10R', '7L', '8R', '9L', '8L', '7L', '6L', '7R']"
646,-1,"['8L', '7R', '9R', '6R', '9L', '8L']"
647,-1,"['6R', '9R', '10L', '6L', '10L', '10R', '9L', '7L', '6R', '10R', '8R']"
648,-1,"['10R', '6L', '7R', '8L', '8L', '10R', '9R', '10L', '7R', '8L', '10L', '9R']"
649,-1,"['10L', '6L', '10R', '7R', '6L', '8R', '9R']"
650,1,"['9L', '6L', '8R']"
651,1,"['6R', '6R', '7R', '9R', '10L', '7R']"
652,-1,"['7L', '6R', '8R', '9L', '6L', '8L', '6R', '9L', '6R', '9R', '9R', '9R', '10R', '6L', '8R', '9L', '7L', '6R']"
653,0,"['10L', '7L', '6L', '6R', '6R', '7L', '9R', '10L', '9L', '8R', '9R', '10L', '8L']"
654,1,"['8L', '10R', '9R', '6R', '6R', '6L', '9L', '7R', '6L', '8R', '9L', '8L']"
655,1,"['10L', '6R', '7R', '6L', '7L', '6L', '9R', '10R', '8L', '7R', '6R', '7R', '8R']"
656,-1,"['6L', '10L', '6R', '9R', '10R', '7R', '10L', '9L', '7R']"
657,1,"['6R', '7L', '9R', '7R', '10R', '6L', '7L', '6L', '10R', '8R']"
658,-1,"['7L', '10L', '7L', '10R', '7L', '10R', '8L', '7L', '6R', '8L', '7L', '7R', '8R']"
659,-1,"['7L', '6L', '10R', '9R', '10R', '8L', '10L', '9R', '10L', '9L', '10L', '7L', '9R', '10L']"
660,1,"['9R', '9R', '10L', '6R', '10R']"
661,-1,"['7R', '10R', '7L', '10L', '9R', '10R', '8L', '7R', '6L']"
662,-1,"['8R', '7L', '6L', '7R', '9L', '8R', '10L', '9R', '8L', '10L', '9L', '8L', '7L', '6R', '7L', '6R', '7L', '6R', '7R']"
663,-1,"['7L', '9R', '9L', '9L', '7L', '6R', '8L', '7R', '8R', '9L', '8L']"
664,-1,"['10R', '8R', '9R', '10R', '10L', '6R']"
665,1,"['9L', '6L', '7R', '8L', '8R', '10R', '6R', '7L', '8R']"
666,1,"['7L', '10R', '9R', '8R', '6R', '7R', '9L', '9L', '8L', '7L', '6R']"
667,-1,"['6R', '6R', '6L', '8L', '8R', '9L', '8R', '9L']"
668,1,"['10R', '7R', '6L', '6R', '8R', '9R', '6R', '7R', '8L']"
669,-1,"['9L', '7L', '8L', '6R', '9L', '8R', '10L', '9R', '10R', '10R', '7L', '6L', '8L', '10L', '9L']"
670,-1,"['7L', '6R', '10L', '10L', '10R', '9L', '8L', '7L', '6L', '10L', '8L', '9L', '8L', '7R', '8R', '9R']"
671,1,"['10R', '9R', '7R', '9L', '9R', '10L', '9R', '6L', '10R', '7R', '8R', '6L', '8L', '7R', '6R']"
672,1,"['9L', '8R', '9R', '7L', '9L', '9R', '7R', '9R', '10L', '7R', '6L', '9L', '8L', '6R']"
673,-1,"['10R', '9L', '9R', '9L', '10R', '9R', '6L', '8L', '7L']"
674,-1,"['10L', '10R', '6L', '10L', '7R', '9R', '9L', '6R', '9R', '10L', '6L', '10L']"
675,-1,"['8R', '9L', '8L', '10R', '8R', '9R', '7R', '6R']"
676,-1,"['10R', '7R', '6L', '10L', '6R', '7L', '9R', '7L', '9R', '8R', '10L', '8L', '7L']"
677,-1,"['6L', '8L', '7R', '8L', '6R', '10R', '9L', '10L', '6L', '9R']"
678,1,"['6L', '7L', '6L', '6R', '8R', '9L', '8R', '7L', '6L', '8R', '10R', '6R', '8L']"
679,-1,"['6L', '9R', '10R', '7R', '6L', '10L', '9R', '9R', '8L', '7L', '6R', '7R', '10R', '9L', '6R', '7L', '8R', '7L', '6L']"
680,1,"['8L', '6R', '7L', '10L', '9L', '6R', '7L', '6L', '9R', '6L', '9R', '9R', '9R', '10L', '9R', '10L', '9R', '10R', '9R', '6L']"
681,-1,"['10R', '6R', '10L', '9R', '9L', '8R']"
682,1,"['6R', '6L', '7R', '9L', '7R', '8R', '6R', '6R', '6R', '7R', '6L', '10R', '7L', '6R', '7R', '8L', '7R', '8R']"
683,1,"['8R', '6L', '6L', '7R', '8R', '6R', '7L', '7R', '6R', '8L']"
684,1,"['7R', '7L', '9L', '10L', '7L', '6R', '6L', '10R', '8R', '10L', '7R', '8R', '9L', '8L']"
685,1,"['6L', '7R', '6L', '6L', '8R', '7R', '8R', '9R', '6L', '10R', '6R', '9R', '10L', '9R', '10L', '9L', '8L']"
686,-1,"['10L', '9R', '10L', '7R', '8R', '7L', '9R', '6L', '8L', '7L', '6R', '7L', '6L', '8L']"
687,1,"['6L', '7L', '9R', '10L', '8R', '7L', '9R', '6R', '9R', '8L', '7L', '7R', '8R', '9L', '8R', '9L', '8R', '9R', '10L']"
688,1,"['10L', '7L', '6L', '10R', '8R', '9L', '6L', '10L', '8R', '10L', '9L', '8R']"
689,0,"['10R', '6L', '9L', '9L', '10R', '8R', '10L', '6R', '7R', '8L', '7L', '6R', '7L', '10L', '6R']"
690,1,"['10L', '8L', '9L', '6R', '6L', '7L', '6R', '10R', '9L', '7R', '9L', '8R', '6L', '9R', '10R', '9L', '6L', '9R', '7L', '10L', '9R', '10L', '8R', '6L', '9R', '10L', '9L', '8L', '7L', '6L', '7L']"
691,-1,"['8R', '6R', '10L', '9R', '9R', '6L', '10L', '9R', '7L', '10L', '9L', '8R', '9L', '8L']"
692,1,"['10L', '10R', '7L', '8L', '7L', '6R', '9R', '10L', '9R', '9R', '7R', '6R', '10R', '9L', '6L', '8L', '7R', '8R']"
693,1,"['7R', '10L', '7L', '9R', '7L', '9R', '6L', '10R', '10L']"
694,-1,"['8L', '6R', '7R', '10L', '8R', '10L', '7L', '6L', '8L', '10L', '6R', '7R', '8R', '9R', '10L', '8R', '7L', '8L', '10L', '6R']"
695,-1,"['9R', '10L', '7L', '8R', '7L', '9R', '6L', '10L']"
696,-1,"['10L', '6L', '8R', '10L', '7L', '6R', '7L', '6R', '7L', '6R', '7R', '8L', '6R', '7L', '6R', '7R', '8R']"
697,1,"['7R', '9R', '6R', '10R', '6L', '6L', '6L', '8L']"
698,-1,"['8R', '9L', '6L', '9R', '7R', '8R', '9R', '10R', '7L', '6L', '8L', '7L', '6L', '7R']"
699,-1,"['7R', '9L', '7R', '6R', '8L', '6R', '10L', '6R', '8R', '6R', '7R', '9L']"
700,0,"['8L', '8R']"
701,1,"['10R', '6R', '8L']"
702,-1,"['7R', '8L', '7R', '9L', '6R', '7L', '6R', '7R', '8R', '10R', '8L', '7R', '8L', '7L', '6L', '8L', '9L', '8L']"
703,-1,"['10R', '6L', '6R', '9R', '8L']"
704,-1,"['7L', '6R', '10R', '7L', '8L', '8L', '8R', '6L', '8L', '9L', '6L', '8L', '9L', '8R']"
705,-1,"['10L', '8L', '10R', '9R', '6R', '8R', '10L', '9R', '6R', '7L', '10L', '6R']"
706,-1,"['9R', '10R', '8L', '6L', '9L', '6R', '8L', '10R', '6L', '8L', '7R', '6L', '8R', '10R', '9R', '6R']"
707,-1,"['10L', '7L', '8L', '9L', '7L', '9R']"
708,1,"['10L', '7R', '9L', '8L', '9L', '8L', '8L', '10L', '6L', '9L', '7L', '6L', '9L', '9R', '10R', '6R', '10R', '7R', '6L', '9L', '10L', '9L', '6R', '8R', '10L', '8R']"
709,1,"['6R', '6L', '8R', '10R', '9L', '6R']"
710,1,"['8L', '10L', '6R', '6R', '7R', '6R', '10R', '6R', '9R', '10R', '7R', '8L', '6R', '10L', '9R', '10L', '9L', '8L', '7L', '7L', '8R', '10L', '8L', '7L', '6R']"
711,1,"['6L', '10R', '8L', '9L', '8L', '7L', '7L', '6L', '8R', '9R']"
712,1,"['10L', '10R', '9R', '10L', '10L', '6L', '8L', '7R', '9R', '10R', '8L']"
713,-1,"['10R', '7R', '10L', '8L', '8R', '7L', '8L', '7R', '8R', '9R', '10R', '7R', '8L', '10R', '6L', '7R', '8R']"
714,-1,"['9R', '8R', '10L', '8R', '10R', '7R', '10L', '6L', '8L']"
715,1,"['9L', '10R', '6L', '9R', '7L', '6R', '8R', '9L', '8L']"
716,-1,"['7R', '10R', '8L', '9R', '8R']"
717,-1,"['9L', '8R', '10L', '7L', '8L', '9L', '10L', '9R', '8R', '6L', '6R', '10R', '9L', '6R', '8L', '6R', '7L', '6R', '7R', '8L']"
718,1,"['8R', '7L', '6L', '6R']"
719,1,"['8L', '9L', '8L', '9R', '10R', '8R', '8R', '8R', '9R', '9L', '8R']"
720,-1,"['6R', '9L', '9R', '10L', '9L', '8L', '7L', '6L', '9R', '6R', '9R', '7L', '6R', '7R', '8L', '8R', '9L', '8L']"
721,-1,"['9R', '9R', '6R', '7L', '10R', '8R', '7R', '8L', '9R', '7L', '6R', '7L', '6R', '7L', '6L', '7R', '6R', '10R', '7R', '10L', '7L']"
722,1,"['8R', '9L', '9R', '7R', '7L', '8R', '10R', '10L', '9R', '10R', '6R', '7L', '6R', '6L', '8L']"
723,-1,"['6R', '9L', '10R', '6L', '10R', '7L']"
724,1,"['10R', '6L', '7L', '10L', '9L', '10L', '7R', '8R', '8R', '9R', '10R', '7R', '10L', '8L', '7R', '6L', '10R', '8R']"
725,1,"['10R', '9L', '6R', '6R', '6L', '7L', '9L', '8R', '9R', '10L', '6R', '6L', '8R', '9R', '10L', '8L', '7R', '8R', '9L', '8L']"
726,-1,"['10R', '6L', '9L', '7R', '10R', '9L', '10L', '9L']"
727,1,"['10R', '7L', '6R', '6R', '9L', '8R', '10R']"
728,-1,"['6L', '7R', '8R', '8L', '6R', '7R', '8R', '6L', '9R', '10R', '6L', '7L', '9L', '8L']"
729,1,"['7L', '7R', '10R', '8R', '10L', '9L', '8R']"
730,-1,"['8L', '7L', '9L', '10L', '9L', '8R', '7R', '10R', '6R', '7R', '8L', '7R', '8L', '7L', '8L', '7L', '9R', '10L', '9L', '8L', '7R', '8R']"
731,1,"['7R', '9R', '8L', '10R', '6L', '10R', '7L', '7R', '8L']"
732,1,"['6L', '6R', '6L', '10L', '7L', '8R', '10L', '6L', '8R', '9R', '10L', '6L', '9R', '10R', '7R', '6L', '8L', '7R', '8R', '9R', '10L', '9R', '6R', '7R', '9R', '8R', '7L', '9L', '8R', '9R', '10R', '9L', '7R', '8R', '10R', '9L']"
733,1,"['6R', '10R', '8L', '9L', '8R', '9L', '6L', '10R']"
734,-1,"['7R', '8L', '6R', '8R']"
735,1,"['8L', '10R', '8L', '10L', '6R', '8L', '10R', '9L', '9L', '6R', '7L', '6L', '10R', '8L', '7L', '6R']"
736,-1,"['10R', '6R', '10L', '10L', '6R', '6R', '8L', '7R', '8L']"
737,-1,"['7R', '10L', '7L', '10R', '8R', '7L', '10R', '6R', '7L']"
738,1,"['7L', '10R', '6L', '8R', '7R', '10R', '9R', '10R']"
739,-1,"['10L', '8R', '9R', '10R', '8R', '9R']"
740,1,"['9R', '6R', '9L', '9L', '8R', '10L', '9R', '10L', '8R', '6R', '7R', '8L', '7R', '8L']"
741,1,"['7L', '6R', '9R', '7R', '8R']"
742,-1,"['8L', '10L', '8R', '8L', '10L', '9L', '10R', '7L', '8L', '9L']"
743,-1,"['10L', '9L', '8R', '9L', '6L', '6L', '8R', '9R', '10L', '9L', '8L', '7R', '8R']"
744,1,"['6R', '6R', '9L', '10R']"
745,-1,"['10R', '7L', '8L', '8L', '6L', '10L', '10L', '10R', '7L', '10L', '9R', '7L', '10L', '6L', '10L', '9R']"
746,-1,"['7L', '6L', '6L', '7L', '6L', '8R', '6L', '10R', '9R', '9R', '8R', '6R', '7L', '6R', '9L']"
747,-1,"['10L', '10L', '8R', '10R', '9R', '10L', '9L', '8L', '6R', '8R', '6L']"
748,1,"['8R', '6L', '10R', '6R', '8L', '9L', '7R']"
749,1,"['8L', '9L', '6L', '9R', '10R', '8L', '9L', '6R', '8L', '10R', '7L', '6L', '6L', '7L', '6L', '8R', '9R', '6R', '10L', '9L', '8R']"
750,0,"['6R', '7L', '9R', '6R', '9R', '8R', '10L', '8R']"
751,1,"['8R', '6L', '9R', '7L', '6R', '8L', '8R', '9R', '7L', '10L', '6L', '10R', '7L', '6R', '10L', '8R']"
752,1,"['10L', '7R', '8L', '10R', '7R', '8L', '6R', '7R', '9L']"
753,-1,"['8R', '8R', '10L', '9R', '9R', '7L', '7R', '8L', '7L', '7R', '8L', '10L', '9R', '9R', '10R', '7R', '10L', '8L', '7R', '6L', '10R', '8R', '8L', '10L', '9R', '6L', '9L', '8L', '6R']"
754,1,"['8R', '7R', '9L', '7R', '6L', '8R', '9L', '8L', '9L', '7L', '8R', '9R', '6L', '9L', '8R', '6R']"
755,1,"['7L', '6L', '10L', '8R', '7L', '10R', '8L', '6L', '7L', '6R', '7L', '6L', '6L', '7L', '6R', '9L']"
756,-1,"['9R', '10R', '7L', '9R', '10L', '8L', '10R', '6R']"
757,-1,"['8R', '7R', '8L', '8L']"
758,1,"['10R', '8L', '8R', '6L', '7L', '7R', '6R', '8L', '6R', '6L', '9R', '7R', '8R', '7R', '8R', '9R', '10R', '8L', '9L', '8R']"
759,-1,"['9R', '8L', '8R', '6R', '7R', '9L', '7R', '10R', '10R', '6L', '7L', '9R', '6R', '7R']"
760,1,"['6L', '10R', '10R', '7L', '8L', '8L', '6L', '8L', '6R']"
761,-1,"['7L', '9R', '7L', '8R', '6R', '9L', '8L', '7R', '9L', '10R', '8R', '9L', '8L']"
762,1,"['9L', '9R', '6L', '8L', '9R', '6R', '10L', '9L', '8R']"
763,1,"['6L', '7R', '10L', '7L', '9R', '8L', '10L']"
764,-1,"['9R', '9L', '8R', '9L', '8L', '10R', '10R', '8L', '9R', '8R', '6L', '9L', '10R', '7L', '6L', '9L']"
765,-1,"['10L', '10L', '8L', '7R', '8R', '9R', '6L', '6L', '8L', '9R', '10R', '6R', '9R', '9R', '10R', '8L', '7L', '6L', '8R', '6L', '6L', '9R', '7L', '8R', '9R', '6R', '10R', '10L']"
766,1,"['6L', '9L', '7L', '8R', '10R', '7R', '9L', '7L', '7L', '10L', '6R', '7L', '6R', '7L', '6L', '7R', '7R', '8L', '7R', '8R']"
767,1,"['6R', '10L', '8L']"
768,1,"['10L', '10L', '8L', '7L', '10R', '7L', '10L', '9R', '10L', '8R', '9R', '6R', '9L', '8L', '7R', '8R', '9R']"
769,-1,"['6R', '8L', '9R', '9R', '10R', '9L', '8R', '6R', '8L', '7R', '8R', '9L', '8L', '7L', '6R', '7R', '8L', '7L', '10L', '7R', '8L']"
770,-1,"['9L', '10R', '8L', '10L', '6L', '9L', '7L', '9L', '8R', '6L', '9R', '10R', '7L', '9R', '6L', '6R', '7L', '6L', '6R', '8R']"
771,1,"['10R', '8L', '10R', '9L', '10L', '7L', '9L', '8L', '9R', '6R', '10R', '10L']"
772,-1,"['7R', '8R', '10R', '6R', '9R', '7R', '10R', '7R', '8R', '7L', '10L', '9L', '10R', '10R']"
773,1,"['10L', '9R', '6R', '9R', '10R', '8R']"
774,-1,"['6L', '10L', '7L', '7R', '8L', '10R', '7L', '10L', '9R', '7L', '10L', '6L', '6R', '9R', '10R', '8L', '7L', '7L', '7R', '8R', '9L', '8R', '6L', '7R', '6L']"
775,-1,"['7L', '7R', '9L', '10R', '7R', '8L', '7L', '9R', '6R']"
776,-1,"['9L', '9R', '9L', '9R', '6L', '10L', '6L', '8L']"
777,-1,"['8L', '6L', '10R', '7L', '8L', '10R', '8L', '10R', '7L', '6L', '9L', '8L', '7R', '8L', '7L', '6L', '6R', '9L', '7R', '8R']"
778,1,"['10R', '6L', '6L', '10R', '8L', '7R', '8L', '7L', '6L', '8R', '9R', '6R', '10L', '9R', '10R', '10R', '9L']"
779,-1,"['7R', '7L', '10R', '8R', '10L', '9L', '7R', '10R', '7L', '8L', '10L', '10L', '9L', '8L', '10L', '9L', '10L']"
780,1,"['10L', '9R', '7L', '8L', '6R', '7L', '7L', '9R', '6L', '9L', '6L', '8L', '7R']"
781,1,"['9L', '7R', '9R', '10R', '6L', '7L', '9L', '6R', '9L', '7R', '6R', '7R', '8L', '7L', '6R']"
782,-1,"['7R', '8L', '6L', '8R', '9L', '7L', '10R', '8L', '6L', '7R', '8L', '6R', '9L', '10R', '8R', '6R', '7R', '8L']"
783,-1,"['7L', '8R', '10R', '9R', '8R', '6L', '9L', '10L', '7R', '8R', '6R', '10R', '7R', '10L']"
784,1,"['10L', '6R', '9R', '10R', '10L']"
785,-1,"['6R', '9L', '8L', '8R', '9R', '7L', '8R', '8L', '9R', '7L', '9R', '8R', '6R', '7L', '6L', '7R', '9R', '6R', '7L', '6R', '7L', '9L', '10L', '7L', '9R', '6L', '10R', '7L', '8L', '6L', '10L', '6R', '7R', '7R', '8R', '9R', '10R', '10R']"
786,-1,"['10R', '8L', '7R', '8R']"
787,1,"['6R', '6L', '6R', '10L', '6L', '7R', '9L', '8L', '6L', '10L', '9L', '8R']"
788,1,"['9L', '7R', '6R', '8R', '10R', '8L', '7R', '6L', '8R']"
789,-1,"['6L', '8R', '10L', '8L', '6L', '9R', '10L', '7L']"
790,-1,"['7R', '6R', '6L', '8L']"
791,-1,"['6L', '8R', '9L', '8R', '8R', '7R', '6L', '8L', '9L', '8R', '6L', '10R', '9L', '8L', '8L']"
792,1,"['10L', '7R', '9R', '8L', '9R', '8R', '6L', '9L', '7R', '8R', '7R', '8R', '9L', '8L']"
793,-1,"['10L', '10L', '9L', '10R', '9L', '8L', '9L', '10L', '6L', '7L', '10R', '7L', '8R', '10R', '7R', '8L', '8L', '10R', '10L']"
794,-1,"['7L', '10R', '7L', '8R', '9R', '9R', '9L', '10L', '9R', '9R', '10R', '6L', '10L']"
795,1,"['6R', '10L', '9R', '6L', '8L', '7R', '6L', '7R', '8R', '9R', '6L', '9R', '9L', '8R', '9L', '8L']"
796,1,"['6R', '6R', '8R', '8R', '7L', '8L', '6L', '10R', '6R', '9L']"
797,-1,"['8R', '6R', '7R', '7R', '10L', '7R', '10R', '10L', '9L', '7R', '8R', '10R', '6L', '9R', '7R', '8L', '7R', '8R', '6R', '7L', '7R', '8R']"
798,1,"['8L', '9L', '8R', '6L', '9R', '10L', '6R', '9R', '8R', '9L', '8R', '7L', '6L', '6L', '7R', '10L', '9L', '8L', '7L', '6L', '9L', '7L', '10L', '9R']"
799,-1,"['10R', '10R', '9R', '10L', '8R', '10R', '6L', '9L', '10L', '7L', '6R', '7R', '8R', '9R', '10R', '10L', '9L', '8L', '7R', '8L', '8R']"
800,1,"['7L', '9L', '8L', '6L', '10L', '6R', '8L', '7R', '8R', '10R', '8R']"
801,-1,"['10L', '9L', '6L', '8R', '10L', '6L', '9R', '10R', '10L', '10R', '7R', '8R', '9R', '6R', '7L', '10R', '10R', '7R', '10L', '9R', '10R', '6L']"
802,0,"['10R', '7L', '6L', '8L', '7R', '6R', '7R', '9L']"
803,-1,"['8L', '6L', '10R', '8R', '8L', '10L', '7L', '9R', '8R', '7L', '6R', '7R', '8R', '9R', '10L']"
804,-1,"['7R', '7L', '6R', '8L', '6L', '8L', '8L', '6R', '7R', '8R', '10L', '7R', '8L', '6L', '8R', '6L', '6L', '9R', '8L']"
805,-1,"['9R', '10R', '6L', '9R', '10R', '6R', '7L', '6L', '10L', '9L', '8L', '7L', '6R', '7L', '6L', '8L', '9R', '9R', '10L', '6R']"
806,-1,"['7R', '9R', '8L', '7L', '10L', '8R', '6R', '8R', '10R', '6L', '10R', '6L', '7R', '10R', '8L', '6L', '8L', '9R', '7L', '10L', '9R', '8R', '9R', '10R', '10L', '10L', '7L']"
807,1,"['10R', '9L', '7L', '9R', '6R', '7L', '6L', '8L']"
808,-1,"['9R', '7L', '6L', '10R', '7R', '8L', '9R', '6R', '7L', '6R', '7L', '6R', '7L', '6L', '10R', '8R', '9L', '8L']"
809,-1,"['10L', '8R', '8L', '6L', '8R', '10L', '9L', '9L', '8R', '10R', '9R', '10R', '7L', '10L', '10L', '9R']"
810,-1,"['8L', '10L', '9R', '6R', '8L', '10L', '6R', '9R', '10R']"
811,1,"['8R', '9R', '10L', '6L', '6R', '6L', '7R', '8R', '9R', '9R', '10L', '8L', '9L', '8R']"
812,-1,"['9L', '9R', '9R', '7L', '6R', '7R', '6R', '10L', '9L']"
813,1,"['10L', '6R', '10L', '10L', '8R', '6L', '8L']"
814,1,"['9L', '10L', '8L', '6L', '8R', '6R', '7R', '8R', '8L', '9R', '10R', '10L', '7R']"
815,-1,"['7L', '6R', '7L', '9R', '10R', '6L', '6R', '7R', '8L', '10R', '7R', '8L', '9L', '9L', '6R', '8L', '10R', '6R', '7L', '6R', '7L', '6R', '7R']"
816,1,"['9L', '10L', '9L', '8L', '6R', '8L', '10L', '8R', '9L', '8R', '9L', '8L']"
817,-1,"['8R', '8L', '7L', '7L', '6R']"
818,-1,"['7R', '6R', '6L', '9R', '10L', '8L', '7R', '6L', '8R', '9R', '10L', '9L', '8R', '6L', '10R', '9L', '8R', '9L', '8R', '9L', '8L']"
819,-1,"['8R', '6R', '10R', '8L', '9L', '7R', '10L']"
820,-1,"['7R', '7L', '8L', '6R', '8R', '8R', '7L', '9R', '10L', '9L', '8R', '9L', '8L']"
821,-1,"['8R', '9L', '10L', '7R', '9R', '8R', '6R', '7L', '7L', '8R', '6L', '10R', '10R', '6R', '8L', '7L', '6R', '7R', '8L', '7L', '6R', '8L', '6R', '7R']"
822,1,"['8R', '10L', '6L', '6L', '8R', '7R', '10R', '8L', '6R', '6R']"
823,1,"['7R', '6L', '8L', '6L', '9L', '8R']"
824,-1,"['9R', '6R', '10L', '8R', '6R', '10L', '10L', '9L', '8R', '7L', '9L', '10L', '9L']"
825,-1,"['9L', '9R', '6L', '10L', '9R', '9L', '10R', '10R', '7R', '6L', '8L', '7L', '6L', '6R', '7L', '7L', '7R', '8L']"
826,-1,"['10R', '8R', '6L', '9L', '8R', '6R', '10R', '6L', '10L', '9L', '8L', '7R', '6L', '10L', '8R', '10L', '9R', '10L', '10R', '7L', '6L', '8R', '8L', '9R', '9R', '10L']"
827,0,"['8R', '6L', '6L', '6L', '6L', '8L', '7L', '6R', '8R', '7R', '8L', '7L', '10R', '6L', '8R', '7L', '6R', '8L']"
828,-1,"['10L', '8R', '8L', '10R', '6R', '8R', '6R', '7L', '10R', '7R', '8R', '8R', '10L', '7R', '8R', '9R', '10L', '9L', '8L', '7L', '9L']"
829,-1,"['6L', '6L', '10L', '6R', '6R', '8L', '6L', '9L', '7R', '6R', '10R', '8R', '10L', '9L']"
830,1,"['10R', '10R', '6L', '10L', '10L', '9L', '10L', '8R', '8R', '6R', '9R', '9L']"
831,-1,"['6L', '10R', '9R', '8L', '6L', '10L', '6R', '10L']"
832,-1,"['10L', '6R', '10R', '10R', '9L', '8R', '7L', '10L', '8L', '7L']"
833,1,"['10R', '8L', '9L', '9L', '8L', '7R', '9L', '7R']"
834,1,"['9L', '10R', '9R', '10L', '8R', '10R', '8R', '6L', '9L', '8L']"
835,1,"['7L', '10R', '6L', '7L', '9L', '10R', '6L', '9R', '7L', '6R', '8R']"
836,1,"['9L', '6L', '10L', '7R', '8L', '6L', '7R', '6L', '9R', '7R', '6R', '7R', '10L']"
837,1,"['9R', '7L', '10L', '9L', '6R', '10L', '9R', '9R', '10L', '9R', '10L', '8R']"
838,-1,"['9L', '6L', '7R', '9L', '8R', '7L', '6R', '10R', '7L', '6L', '7R', '8L', '10L']"
839,1,"['6L', '7R', '6L', '9R', '9R', '6L', '6R', '8R', '9R', '10L', '7L', '6R']"
840,1,"['7R', '6R', '10R', '7L', '9R', '8R', '8R', '8L', '7L', '10R', '8R', '9R', '10R', '6L', '6R']"
841,-1,"['9R', '8L', '10L', '6L', '7R', '7L', '8L', '7R', '9R', '9L', '8L', '6R', '9L', '7L', '9L', '8R']"
842,-1,"['9R', '8R', '7R', '6L', '10R', '10R', '7L', '6R', '6L', '7R']"
843,1,"['8L', '10R', '10R', '7R', '8R', '8L', '7L', '10L', '9R', '8L', '10L', '9R', '10R', '8L', '8R', '6R', '7L', '6L', '9L', '10L', '7R', '8R', '9R', '10R', '6L', '8R', '8L', '9R', '10R', '6R', '8R', '6L', '8R', '6L', '7L', '6R']"
844,-1,"['9R', '9L', '8L', '7L', '6R', '7L']"
845,-1,"['9R', '9R', '10L', '9R', '6L', '9R', '9R', '10R', '6R']"
846,-1,"['6L', '8L', '7R', '8L', '6L', '7L', '10R', '6L', '8R', '7R', '10L', '9L', '6L', '10L', '9L', '10R', '8L', '7L', '6R', '7L', '6L']"
847,-1,"['7R', '6R', '10R', '9R', '7R', '6R', '8R', '10R', '7L', '8L', '8L', '8L']"
848,-1,"['10L', '6R', '8R', '9L', '7R', '9R']"
849,1,"['10L', '8L', '6R', '9L', '10L', '8L', '10R', '7L', '8L', '10L', '9L', '7L', '6R', '8L']"
850,-1,"['6L', '7L', '6R', '8R', '9R', '9L', '8R']"
851,-1,"['10R', '7R', '9R', '7R', '8L', '9R']"
852,-1,"['10L', '9L', '9L', '9L', '10R', '6R', '6R', '10L', '10L', '7R']"
853,1,"['10R', '7R', '10R', '9R', '7L', '10R', '6L', '8L', '10R', '6L', '7L', '7R', '8R', '10L', '9L', '8R']"
854,1,"['6L', '7R', '10R', '9R', '9R', '7R', '8R', '9R', '10R', '6L', '7L', '9R', '6L', '6R', '7R', '8L']"
855,1,"['10L', '6L', '9L', '10R', '6R', '7L', '6R', '9L', '8R', '10L', '6R', '7L', '6R', '6R']"
856,1,"['10L', '10R', '7L', '7R', '10R', '8L', '7L', '6R', '7L', '10R', '8R', '6L', '7R', '10L', '7L', '9L', '8R']"
857,1,"['10L', '6L', '10L', '10L', '9R', '6R', '8R', '9L', '8R', '6R', '7R', '8R', '9R', '10R', '10L', '7L']"
858,-1,"['6R', '10L', '9R', '7L', '6R', '6L', '8L', '6L', '7L', '6L', '6L', '9R', '10L', '7R', '8R', '10R', '9R', '10R', '8R', '7R', '6L', '8R', '6R', '8R', '7R', '8R', '6R', '7R']"
859,-1,"['6L', '6L', '8R', '9L', '8R', '9L', '6L', '8R', '9R', '10R', '6R', '7R', '8L', '7R', '8R']"
860,-1,"['9R', '6R', '8L', '10R', '6L', '7R', '8L', '10R', '6R', '9R', '7L', '6R']"
861,1,"['10L', '10R', '6R', '7L', '6R', '7R', '8L', '7R', '8L', '7L', '6R', '7L', '6R', '7L', '6L', '7R', '10L', '7L', '9L', '8L']"
862,0,"['10R', '8R', '9L', '6R', '10R', '10R', '9R', '6R', '7R', '9R', '8L']"
863,-1,"['9L', '10L', '6R', '9L', '10L', '6R', '10R']"
864,-1,"['6R', '8R', '6R', '7R', '8R']"
865,0,"['10L', '6L', '8R', '7L', '7L', '8L', '8R']"
866,-1,"['7R', '6R', '9R', '8L', '10L', '6R', '7L', '6R']"
867,-1,"['7R', '7R', '7R', '8R', '10R', '8L', '9R', '10L', '8L', '7L', '6L', '9L', '8L', '7R', '8R']"
868,-1,"['10R', '7L', '10L', '6R', '6L', '9L', '8R', '8L', '10L', '9R', '6L', '10L', '8L', '9L', '8R']"
869,-1,"['8R', '7L', '6R', '9L', '7R', '10R', '8L', '6R', '9L', '8L', '7L', '6L', '10L', '6L', '8L', '9R', '10R', '10R', '7L', '9R', '10R', '7R', '8R', '9R', '10L', '9R']"
870,-1,"['9R', '8L', '10R', '7R', '8R', '10R', '10L']"
871,-1,"['10R', '7L', '9L', '8L', '6R', '9L', '10R', '10R', '8R', '10R', '6R']"
872,-1,"['9L', '8R', '10R', '8R', '9R', '9L', '10R', '6L', '7L', '7L', '9R', '6L', '9R', '10R', '10R', '8R', '7R', '10L', '9R', '7L', '10R', '6L', '6L', '7R', '8L', '10L', '9R', '10R', '7R', '10L', '7R', '9L', '8R', '6R']"
873,1,"['10R', '10R', '10L', '9R', '8R', '8L', '6R', '9R', '6L', '8L', '7L', '10L', '6R', '8L', '9L', '8L', '10L']"
874,1,"['9R', '10R', '10R', '7R', '7R', '8R', '7R', '6R', '7L', '8R', '9L']"
875,-1,"['10L', '10R', '7R', '6R', '8R', '9L', '7L', '6L', '10L', '9R', '10R', '10R', '8L', '7R', '9R', '10R', '8R', '9R', '9R', '10R', '10L', '7L', '6L', '7L', '6L', '10R', '8R', '9R', '10R', '10L', '7R', '8R', '9R', '6L', '8R', '7R', '9L']"
876,-1,"['6R', '6L', '7L', '7L', '7R', '7L', '10L', '6L', '10L']"
877,-1,"['8R', '8L', '10R', '7L', '9L', '8L', '6L', '9R', '10L', '9L', '8L', '7R', '8L', '9L', '8L', '6R', '8L', '10R']"
878,1,"['9R', '9L', '7L', '6L', '9L', '6R', '8L', '7L', '7R', '8L']"
879,-1,"['9R', '8R', '9L', '8R', '6R', '8R', '10R', '8L', '7L', '6L', '10R', '9R', '7R', '8L']"
880,-1,"['7L', '7L', '10L', '10L', '9R', '10L', '7L', '6R', '8L', '9L']"
881,-1,"['9R', '10R', '9R', '8R', '7L', '10R', '9R', '10L', '9R', '10L', '9L', '6L', '6L', '8L']"
882,-1,"['7R', '8R', '6R', '10L', '10R', '9R', '9R', '8R', '8L', '10L', '9L', '8R']"
883,1,"['9R', '7R', '10R', '6R', '6R', '6R', '10R', '6L', '6R', '10R', '9L', '8L', '6R']"
884,-1,"['7R', '10R', '7L', '6L', '10R', '9R', '6R', '8R', '10L', '9R', '10L', '8R']"
885,1,"['10L', '7L', '6L', '8L', '8R', '10L', '7R', '8R', '9L', '8L', '7R', '8L', '9R', '10R', '7R', '10L', '6L', '9R', '10R', '9R', '7L', '9R', '10L', '7L', '7R', '7L', '6L', '9L', '8R', '9R', '10R', '6L', '9R', '10L', '9L', '8L', '6R', '7R', '9R', '8R', '7L', '6L']"
886,-1,"['8R', '10L', '6L', '9L', '9R', '6L', '6R', '10L']"
887,1,"['9R', '9L', '10L', '9R', '9L', '9R', '9R', '7L', '8R', '9L', '8R']"
888,1,"['10L', '8R', '6R', '9L', '8L', '7L', '6R', '10L', '7L', '6R', '7L', '6L', '6L', '7R']"
889,1,"['6L', '10R', '8L', '8L', '9L', '10R', '7L', '9R', '10L', '8L', '10R', '8R', '6R']"
890,1,"['6R', '8R', '6L']"
891,1,"['7L', '7L', '8R', '8R', '8L']"
892,1,"['10L', '6R', '9L', '8R', '7L', '7L', '6L', '8R', '9R', '7R', '10L', '9L', '8R', '6L']"
893,1,"['9L', '8L', '9L', '10L', '10L', '7L', '9R', '8R', '6R', '8L', '10L', '9R', '10R', '8L', '10L']"
894,-1,"['10R', '6L', '10R', '7R', '6R', '9R', '9R', '6R', '10L', '6L']"
895,1,"['10R', '9R', '6L', '7R', '8R', '10R', '7L', '6L', '6L', '10L', '8L', '6L', '7R', '10R', '8L']"
896,1,"['9L', '7R', '10R', '6L', '6R', '6R']"
897,-1,"['9R', '9L', '6L', '6R', '7L', '6R', '7R', '8R', '9L', '6L', '10L', '7R', '8R', '9R', '10L', '9R', '10R', '7R', '10R', '8R']"
898,1,"['8L', '8R', '6R', '8R', '10L', '9L', '8L', '9L', '8R', '9L', '8L', '9R', '10L', '6L', '9R', '8L']"
899,1,"['10L', '10L', '9R', '8L', '7L', '10L', '6R']"
900,-1,"['9R', '10R', '10R', '8R', '10L', '9L', '7R', '9L', '6R']"
901,1,"['8R', '9R', '10L', '6R', '9L', '9L', '10R', '9R']"
902,-1,"['7R', '10L', '8L', '6R', '8L', '9L', '10L', '7R', '8R', '9L', '8L', '7L']"
903,1,"['6R', '7R', '8L', '6R', '10R', '8L', '7R', '9L', '8L', '10L', '8R']"
904,1,"['8L', '9R', '10R', '7L', '6R', '7L', '6L', '10R', '6R', '9L', '6L', '9L', '10R', '6R', '8R', '9L', '8L', '7R', '8R']"
905,1,"['9L', '9L', '10R', '10L', '9L', '7L', '6R', '10L', '7L', '10R', '10L', '8R', '9L', '8L', '7L', '6R', '10R', '7R', '8R', '9R', '9L', '8R']"
906,1,"['6L', '8R', '8L', '9R', '8R', '7L', '6R', '10R', '8R', '10R', '7R']"
907,1,"['8L', '6L', '8L', '10L']"
908,-1,"['8R', '7L', '8R', '10L', '10R', '9R', '6L', '9L', '8L', '7R', '9L']"
909,-1,"['10R', '6R', '8R', '9R', '10R', '10R']"
910,1,"['7R', '8R', '10L', '7R', '10L', '10L', '8R', '7R', '10R', '8R']"
911,-1,"['6L', '9L', '10R', '8R', '7L', '7L', '9L', '8R', '9R', '10R', '6L', '10L', '9R', '10L', '9L', '8R']"
912,-1,"['7R', '10R', '8L', '8R', '7L', '9L', '10R', '9L', '8R']"
913,1,"['9L', '8L', '7L', '9R', '8L', '7L', '7L', '10R', '6L', '8L', '7R']"
914,-1,"['8L', '6L', '8L', '6R', '6L', '7L', '9L', '8L', '7L', '6L', '10L']"
915,-1,"['8L', '9L', '10L', '6R', '10R', '8L', '9L', '10L', '8R', '10R']"
916,1,"['7R', '7R', '7R', '9R', '7L', '8R', '7L', '8L', '9R', '6L', '10L', '9R', '8L', '10L', '6L', '8L', '10R', '7R', '9L']"
917,1,"['7R', '6L', '8L', '9L', '6L', '8L', '8R', '9L', '6R', '10R', '8R', '10R', '9L', '8L', '7L', '6L', '10L', '9R', '10L', '9L', '8R', '6L', '9L', '8R', '8L', '10L', '9L', '8L']"
918,1,"['7L', '6R', '9R', '6L', '8L', '7R', '9R', '8R', '7L', '6L', '9R', '10R', '8R']"
919,1,"['9L', '9R', '8R', '6L', '6L', '10L', '8R', '9L']"
920,1,"['9R', '7L', '6R', '7R', '8R']"
921,1,"['6L', '8L', '6R', '7R', '6L', '8L', '8L', '7R', '10L', '8R', '9R', '10R', '9R', '6R', '9R', '10L', '6R', '7R']"
922,1,"['10R', '9L', '6R', '9R', '10L', '7R']"
923,-1,"['8L', '6R', '9L', '7R', '9L', '7R', '7R', '8L', '6R', '7L', '10L', '7R', '8R']"
924,0,"['8L', '9R', '9L', '6L', '8L', '7R', '8R']"
925,-1,"['10L', '10R', '8R', '6L', '9R', '9R', '10R', '8L']"
926,-1,"['10L', '7R', '9L', '6L', '8R', '10L', '9R', '6R', '7R']"
927,-1,"['8L', '6L', '7R', '8L', '9R', '8L', '7L', '7L']"
928,1,"['7R', '10R', '7L', '6R', '8R', '10R', '9L', '8L', '6L', '8R', '9R', '10L', '9R', '10L', '10L', '8R', '7L', '9R', '9R', '6L', '10L', '9L', '8R', '9R', '6L', '10R', '8R', '7R', '9R', '10L']"
929,1,"['7R', '6L', '8L', '6R', '10L']"
930,1,"['8L', '6L', '7L', '9R', '6R', '7L', '6L', '10L', '10R', '8L', '7R', '8L', '8L', '10R', '10L']"
931,1,"['6R', '9L', '10R', '10R', '9R', '7R', '7L', '9R', '8R', '10L', '8L', '10R', '9R', '7L', '6R', '7R', '6R', '7R', '8R', '9L', '8L']"
932,-1,"['8R', '7L', '6L', '10R', '7R', '6L', '7L', '10L', '9R', '9R', '7R', '8L', '7R', '10L', '9R', '10R', '7L', '7R', '6R', '8L', '6R', '6R']"
933,-1,"['10R', '7L', '8L', '8R', '6R', '8L', '6L', '7R', '7L', '10L', '7R', '7R', '7L', '6R', '8L', '9L', '7R', '8R', '9L', '8R', '9L', '8L', '7L', '6L', '10R', '8R']"
934,1,"['6L', '9L', '7L', '7R', '6L', '9R', '6L', '7L', '7L']"
935,-1,"['10R', '7R', '8L', '9R', '10L', '9L', '9L', '9L']"
936,-1,"['10R', '6L', '6L', '8L', '9L', '9R', '8R', '6L', '10L', '8L', '7R', '9L', '8R', '10L', '9R', '10L', '9R', '6R', '7R', '8L']"
937,-1,"['7L', '6R', '9R', '6L', '7L', '8L', '9L', '7L', '10R', '8L', '6R', '7R', '10L', '9L']"
938,-1,"['10R', '7R', '8R', '6R', '7R', '10L', '9R', '6R', '6R', '7L', '6L', '9L', '6L', '9L', '7R', '8L', '7L', '6L', '8L', '7L', '6L', '9L', '8L']"
939,1,"['8L', '7R', '8R', '6R', '10L', '6R', '6L', '6R', '6R', '9L', '8R', '8L']"
940,0,"['6R', '9L', '7L', '9R', '6L', '9L', '8R', '9R', '6L', '6R', '7L', '6L', '9L', '7L', '6R', '8L', '10R', '7R']"
941,1,"['8R', '6L', '8L', '6L', '9L', '8L', '7R', '6R', '10L']"
942,1,"['10L', '9L', '6L', '10R', '9R', '8R', '6R']"
943,-1,"['6R', '7L', '6L', '8R', '9R', '7L', '9R', '7R', '8L']"
944,-1,"['9L', '9R', '7R', '6R', '9L', '10R', '9R', '8L', '6R', '7R', '9L', '10R', '8L', '7L']"
945,-1,"['10L', '10R', '7L', '6R', '8L', '7R', '8L', '7R', '10R', '6R', '9R', '8L', '7L', '6R', '7L']"
946,-1,"['8R', '10L', '9R', '8L', '7L', '9R', '10R', '6L', '10L', '9R', '10R', '8R', '6R']"
947,-1,"['8L', '9L', '8L', '10L', '6L', '9L', '8R', '9L', '8R']"
948,1,"['8L', '8L', '6R', '8R', '9L', '10R', '10L', '9L', '8L', '7L', '7R', '8R']"
949,1,"['9L', '8R', '7R', '10R', '6L', '7R', '7L', '10R', '9R', '7R', '9L', '10L', '9R', '9R', '10L', '9L']"
950,1,"['9L', '9R', '10L', '8R', '9L', '7R', '10R', '10L', '7R', '9R', '10R', '6L', '8L', '7R', '6L', '8L', '7L', '6L', '9R', '7L', '9R', '6R', '10L', '9R', '10R', '6R', '8R', '7L', '9L', '8R', '9L', '9L', '8R', '6L', '9L', '8R', '9R', '9L', '8R', '9R', '6R']"
951,1,"['10L', '7R', '7L', '9L', '7L', '9L', '8L', '10R', '7L']"
952,-1,"['6L', '8L', '8R', '8R', '7L', '6L', '8L', '9R', '9L', '10L', '9R', '10L', '7R', '8L', '7R', '8R']"
953,1,"['10L', '8L', '9L', '6L']"
954,1,"['7R', '10R', '6R', '9R', '7L', '7L', '10R', '8L', '10L', '7L', '6L', '9R', '8R', '9R', '10R', '6R', '8R', '7L', '6R', '10R', '10R', '8R']"
955,-1,"['7L', '6R', '9L', '6R', '7R', '7R', '8R', '9R', '10L', '8R']"
956,1,"['10R', '8R', '9R', '6L', '8R', '10L', '7R', '10L', '9R', '10L', '9R', '10L']"
957,-1,"['9R', '6L', '6R', '10R', '9R', '10L', '9R', '10L', '9L', '8R', '9L', '8L']"
958,-1,"['10L', '9L', '9R', '10R', '6L', '9R', '10R', '6L', '9L', '8L', '6R', '8L', '9R', '10R', '10L', '7R', '8R', '9R', '10R', '8L', '9L', '8L', '6R']"
959,1,"['7R', '9L', '6L', '8R', '6L', '7L', '8R', '7L', '8R', '6L', '9L', '8L', '10R', '7L', '6R', '7R', '8L', '7R', '8R']"
960,-1,"['10R', '6R', '8R', '6R', '8L', '6L']"
961,1,"['10L', '8L', '9R', '9L', '10L', '7L', '9R']"
962,1,"['7R', '9R', '7L', '10L', '10R', '6L', '10R', '10L', '9L', '8R', '6L', '7L', '6L', '8L']"
963,1,"['10L', '6R', '10R', '8L']"
964,-1,"['8R', '8L', '7L', '8R', '9R', '6R', '8R', '10L', '9L', '8L']"
965,-1,"['10L', '9R', '7R', '9L', '8R', '8R', '9L', '10L', '9R', '6L', '6L', '10R', '8R', '10R', '9L', '8L', '7R', '8L', '7L']"
966,1,"['10L', '9R', '7R', '10L', '7L', '6R', '6R', '10L', '9R', '10L', '9R']"
967,1,"['7L', '6L', '7L', '10R', '6R', '9R', '6R', '7R', '8L', '8R', '9R', '6L', '9R', '10R', '10L', '9L']"
968,-1,"['6R', '8R', '7R', '8R', '10L', '8R', '9L']"
969,-1,"['9R', '9R', '8R', '7R']"
970,-1,"['10R', '9R', '7R', '10R', '6R', '9L']"
971,-1,"['8R', '9L', '9R', '6L', '10R', '6R', '8L', '9R', '10L', '9R', '10L', '8R', '6L', '10R', '9L']"
972,1,"['8R', '10L', '7R', '8R', '10L', '9L', '8R']"
973,-1,"['7R', '7L', '8R', '8L', '10L', '8R', '7L', '6L', '10L', '9R', '8L', '7R', '8L']"
974,-1,"['9R', '10R', '8R', '10R', '9L', '10L', '7R', '10L', '9L', '10R', '10R', '6R']"
975,-1,"['9R', '8L', '7L', '10L', '8R', '9L']"
976,-1,"['6R', '7L', '8L', '10R', '6R', '7R', '9L', '10L', '9L', '8L', '9L', '8L', '6L', '10L']"
977,1,"['6L', '8L', '9L', '8L', '7L', '10R', '10L']"
978,1,"['10R', '10R', '7L', '7R', '9L', '9R', '10R', '8L', '7R', '8L', '7R', '8R', '9R', '10L', '9R', '10R', '8L', '7R', '8R', '8L', '9L', '8R']"
979,1,"['8R', '6L', '6R', '8L', '8L', '10R', '6L', '10R', '9L', '8L', '7L', '6R', '8L', '9L', '6R', '8L', '10L', '9L', '8R']"
980,1,"['9R', '8R', '9L', '7L', '7R', '9R', '9R', '10R', '7L', '6R', '9L', '8R', '10L', '8R']"
981,-1,"['8L', '6L', '10L', '6R', '9R', '7R', '7R', '8L', '10L']"
982,-1,"['10R', '8R', '10R', '8L', '6R', '10L', '9R', '9L', '8L', '7L', '6R', '7R', '8R']"
983,-1,"['10R', '7R', '7R', '6L', '6L', '8R', '10R', '9R', '10R', '7L', '7R', '10R', '8L', '7L', '7R', '9L', '6R', '9R', '10R', '7L', '9L', '10R', '8L', '7L', '6L', '9R', '8R', '7R', '9L', '8R', '10L', '9L']"
984,-1,"['8L', '10L', '7L', '7L', '9R', '6R', '7R', '9R', '10R', '8R', '10L', '9L', '8L', '7R', '6R', '7L', '6R', '7R', '8R', '9R']"
985,1,"['8L', '7L', '10R', '7L', '10L', '6L', '10R', '6R', '7L', '6L', '7L', '6L', '10L']"
986,1,"['7L', '7L', '10L', '8L', '6L', '6R', '7R', '8L']"
987,-1,"['6L', '7L', '8R', '9L', '7R', '9R', '8R', '7L', '6R', '7R', '8R', '10L', '9L', '7L', '6R', '7L', '6L', '9L', '8R', '6R']"
988,1,"['10L', '7L', '9R', '8R', '10R', '9L', '7L', '9L', '8L', '7L', '6L', '8L', '9L', '8R', '6R', '10L', '7R']"
989,-1,"['9R', '9L', '6L', '6L', '8R', '6R', '10L']"
990,1,"['10R', '6L', '8R', '7L', '9R', '9L', '9R', '10L', '9R', '8L', '10L', '9L', '8R', '9L', '8L']"
991,1,"['8L', '9R', '8L', '7R', '8R', '9L', '10L', '7L', '8R', '6L', '9L', '8L', '7R', '8L', '7L', '6L', '6L', '8R', '9L', '8L']"
992,-1,"['7R', '6L', '8R', '6L']"
993,-1,"['7L', '9L', '8L', '7R', '6R', '7R', '8R', '7R', '6R', '8R']"
994,1,"['8R', '7L', '6R', '8R', '7L', '9L', '10L', '10R', '8R']"
995,1,"['8L', '8R', '8R', '10L', '9R', '8R', '7L', '9L', '8R', '9L', '8R', '9R', '10R', '6R', '9L']"
996,1,"['10R', '7R', '7L', '9L', '8L', '10L', '6R', '8L', '7L', '6L', '8L']"
997,1,"['10R', '6R', '10R', '6L', '7R', '7R', '6R', '7R', '10R', '9L', '7R', '7L', '7L', '6L', '9R', '6R', '7R', '8L', '8R', '10R', '8L', '7L', '6L', '7R', '7L', '10R', '6R', '7L', '10R', '8L', '7L', '9R', '9R', '10R', '8R']"
998,-1,"['10L', '10R', '9L', '8R', '10R', '7R', '6L', '6R', '7L']"
999,-1,"['6L', '9R', '10L', '8L', '10L', '9L']"
1000,1,"['6R', '9L', '10L', '7L', '7L', '6R', '10R', '8R']"
